id,locus,type,reference,motif,forward,reverse
1,Lchu1,Microsatellite,"GALBUSERA; GILLEMOT, 2008",(TTTA)8,GCTCAGGTGTTATTTATGTCCAAA,GTTTCTTGCAACTATCTTGCATGTTCTGC
2,Lchu6,Microsatellite,"GALBUSERA; GILLEMOT, 2008",(CA)8,GCCTTAATTAGCACCAGAACC,GTTTCTTACCACTCCAAGCCTTCAGTA
3,Lchu7,Microsatellite,"GALBUSERA; GILLEMOT, 2008",(TG)16,TCTCATTTCTTCTCATGGACTC,GTTTCTTCTTGACTCACAGCATGACCT
4,Lchu8,Microsatellite,"GALBUSERA; GILLEMOT, 2008",(TG)23,CACGGCAATGTGGGAATAA,GTTTCTTTTCAGTAGTTGGGACTGGGATAA
5,LrP2BH6,Microsatellite,"GRATIVOL; BALLOU; FLEISCHER, 2001",(CA)19,TCTGTTTGAATCCCCAGTCC,GCAGTCCCTCAAGGTTTTCT
6,LrP5BE6,Microsatellite,"GRATIVOL; BALLOU; FLEISCHER, 2001",NULL,TGTGCATGCTTGCCTGTGTC,ATCTCACTGGACCCACCT
7,Leon2,Microsatellite,"PEREZ-SWEENEY et al., 2005",(CA)18(CG)(CA)3,CTGCTTCTTGTTCCACTTCTTCTC,GTTTGGGTGGTTGCCAAG
8,Leon3C20,Microsatellite,"PEREZ-SWEENEY et al., 2005",(GT)22,CTGTATGTGATCGCTTTTACCTG,AAGGCAATCTAACTAATCAACACTC
9,Leon11c72,Microsatellite,"PEREZ-SWEENEY et al., 2005",(GT)21,AGGATTACAGGTGCCCAC,TTGCATATTGTGTTCAACTTC
10,Leon15C85,Microsatellite,"PEREZ-SWEENEY et al., 2005",(GA)17,CTGATCCTTGAAGCAGCATTG,GGTTAAAGGGGTTCGTTCTGTG
11,Leon21C75,Microsatellite,"PEREZ-SWEENEY et al., 2005",(GT)19(NA)1(GT)5,CAGTTGAGGGAACAGGAATTA,CACTGCACTGACAGAGCAAG
12,Leon30C73,Microsatellite,"PEREZ-SWEENEY et al., 2005",(TC)25(AA)(TC)(TG)16,GGACCTGATTGAAGCAGTC,TTCCCTGAGAATCTAATGGAG
13,Leon31C97,Microsatellite,"PEREZ-SWEENEY et al., 2005",(GA)2(CA)2(GA)19(TT)(GA)(CA)4,TGGTCCAGAGAAATGATGTC,GTAATTCCTTGGATTTATGCC
14,Leon35c42,Microsatellite,"PEREZ-SWEENEY et al., 2005",(CT)16(CA)9(T)(AC)3,GTGGAAAGGTTTCAGAATATC,TGCAGTTGTCCACACTTTA
