StudBook,Dloop
G01A,ATTCTATTGATGGCCCAACCATGAGGTACTTTATAAGCATTAACATTCTCTCATGACCTTATGTAATTCGTGCATCAATGCACGCCCACATGAATAATGTACAGTACCAAAAATGCTTAACCATACATAGTACATTAAACATTAAATGTACATAAAATCCTCACCAAGCATGCTTACAAGCAAGAACTATTATTGTACTCCGGACTATAGAACATGCACTTACATAACCCATAAAATGCTCAACCCTACGAATATCATTTAGAACAAGAACTCATTTATAGTACATAAGTACATTATTTACATTGATCGGACATAGC
G03C,ATTCTATTGATGGCCCAACCATGAGGTACTTTATAAGCATTAACATTCTCTCATGACCTTATGTAATTCGTGCATCAATGCACGCCCACATGAATAATGTACAGTACCAAAAATGCTTAACCATACATAGTACATTAAACATTAAATGTACATAAAATCCTCACCAAGCATGCTTACAAGCAAGAACTATTATTGTACTCCGGACTATAGAACATGCACTTACATAACCCATAAAATGCTCAACCCTACGAATATCATTTAGAACAAGAACTCATTTATAGTACATAAGTACATTATTTACATTGATCGGACATAGC
G04B,ATTCTATTGATGGCCCAACCATGAGGTACTTTATAAGCATTAACATTCTCTCATGACCTTATGTAATTCGTGCATCAATGCACGCCCACATGAATAATGTACAGTACCAAAAATGCTTAACCATACATAGTACATTAAACATTAAATGTACATAAAATCCTCACCAAGCATGCTTACAAGCAAGAACTATTATTGTACTCCGGACTATAGAACATGCACTTACATAACCCATAAAATGCTCAACCCTACGAATATCATTTAGAACAAGAACTCATTTATAGTACATAAGTACATTATTTACATTGATCGGACATAGC
G05B,ATTCTATTGATGGCCCAACCATGAGGTACTTTATAAGCATTAACATTCTCTCATGACCTTATGTAATTCGTGCATCAATGCACGCCCACATGAATAATGTACAGTACCAAAAATGCTTAACCATACATAGTACATTAAACATTAAATGTACATAAAATCCTCACCAAGCATGCTTACAAGCAAGAACTATTATTGTACTCCGGACTATAGAACATGCACTTACATAACCCATAAAATGCTCAACCCTACGAATATCATTTAGAACAAGAACTCATTTATAGTACATAAGTACATTATTTACATTGATCGGACATAGC
G06B,ATTCTATTGATGGCCCAACCATGAGGTACTTTATAAGCATTAACATTCTCTCATGACCTTATGTAATTCGTGCATCAATGCACGCCCACATGAATAATGTACAGTACCAAAAATGCTTAACCATACATAGTACATTAAACATTAAATGTACATAAAATCCTCACCAAGCATGCTTACAAGCAAGAACTATTATTGTACTCCGGACTATAGAACATGCACTTACATAACCCATAAAATGCTCAACCCTACGAATATCATTTAGAACAAGAACTCATTTATAGTACATAAGTACATTATTTACATTGATCGGACATAGC
G07B,ATTCTATTGATGGCCCAACCATGAGGTACTTTATAAGCATTAACATTCTCTCATGACCTTATGTAATTCGTGCATCAATGCACGCCCACATGAATAATGTACAGTACCAAAAATGCTTAACCATACATAGTACATTAAACATTAAATGTACATAAAATCCTCACCAAGCATGCTTACAAGCAAGAACTATTATTGTACTCCGGACTATAGAACATGCACTTACATAACCCATAAAATGCTCAACCCTACGAATATCATTTAGAACAAGAACTCATTTATAGTACATAAGTACATTATTTACATTGATCGGACATAGC
G08B,ATTCTATTGATGGCCCAACCATGAGGTACTTTATAAGCATTAACATTCTCTCATGACCTTATGTAATTCGTGCATCAATGCACGCCCACATGAATAATGTACAGTACCAAAAATGCTTAACCATACATAGTACATTAAACATTAAATGTACATAAAATCCTCACCAAGCATGCTTACAAGCAAGAACTATTATTGTACTCCGGACTATAGAACATGCACTTACATAACCCATAAAATGCTCAACCCTACGAATATCATTTAGAACAAGAACTCATTTATAGTACATAAGTACATTATTTACATTGATCGGACATAGC
G09B,ATTCTATTGATGGCCCAACCATGAGGTACTTTATAAGCATTAACATTCTCTCATGACCTTATGTAATTCGTGCATCAATGCACGCCCACATGAATAATGTACAGTACCAAAAATGCTTAACCATACATAGTACATTAAACATTAAATGTACATAAAATCCTCACCAAGCATGCTTACAAGCAAGAACTATTATTGTACTCCGGACTATAGAACATGCACTTACATAACCCATAAAATGCTCAACCCTACGAATATCATTTAGAACAAGAACTCATTTATAGTACATAAGTACATTATTTACATTGATCGGACATAGC
G10,ATTCTATTGATGGCCCAACCATGAGGTACTTTATAAGCATTAACATTCTCTCATGACCTTATGTAATTCGTGCATCAATGCACGCCCACATGAATAATGTACAGTACCAAAAATGCTTAACCATACATAGTACATTAAACATTAAATGTACATAAAATCCTCACCAAGCATGCTTACAAGCAAGAACTATTATTGTACTCCGGACTATAGAACATGCACTTACATAACCCATAAAATGCTCAACCCTACGAATATCATTTAGAACAAGAACTCATTTATAGTACATAAGTACATTATTTACATTGATCGGACATAGC
LCSP001,ATTCTATTGATGGCCCAACCATGAGGTACTTTATAAGTATTAACATTCTCTCATGACCTCATGTAATTCGTGCATTAATGCATGCCCACATGAATAATGTACAGTACCAAAAATGCTTAACCATACATAGTACATTAAACATCAAACGTACATAAAACCCTCATCAAGCATGCTTACAAGCAAGAACTATTATTGTACTCCGAACTATAGAACATGCACTTACATAACCCATAAAATGCTCAACCCTACGAATATCATTTAGAACAAGAACTCATTTATAGTACATAAGTACATTATTTACATTGATCGGACATAGC
LCSP002,ATTCTATTGATGGCCCAACCATGAGGTACTTTATAAGTATTAACATTCTCTCATGACCTCATGTAATTCGTGCATTAATGCATGCCCACATGAATAATGTACAGTACCAAAAATGCTTAACCATACATAGTACATTAAACATCAAACGTACATAAAACCCTCATCAAGCATGCTTACAAGCAAGAACTATTATTGTACTCCGAACTATAGAACATGCACTTACATAACCCATAAAATGCTCAACCCTACGAATATCATTTAGAACAAGAACTCATTTATAGTACATAAGTACATTATTTACATTGATCGGACATAGC
LCSP003,ATTCTATTGATGGCCCAACCATGAGGTACTTTATAAGTATTAACATTCTCTCATGACCTCATGTAATTCGTGCATTAATGCATGCCCACATGAATAATGTACAGTACCAAAAATGCTTAACCATACATAGTACATTAAACATCAAACGTACATAAAACCCTCATCAAGCATGCTTACAAGCAAGAACTATTATTGTACTCCGAACTATAGAACATGCACTTACATAACCCATAAAATGCTCAACCCTACGAATATCATTTAGAACAAGAACTCATTTATAGTACATAAGTACATTATTTACATTGATCGGACATAGC
LCSP004,ATTCTATTGATGGCCCAACCATGAGGTACTTTATAAGTATTAACATTCTCTCATGACCTCATGTAATTCGTGCATTAATGCATGCCCACATGAATAATGTACAGTACCAAAAATGCTTAACCATACATAGTACATTAAACATCAAACGTACATAAAACCCTCATCAAGCATGCTTACAAGCAAGAACTATTATTGTACTCCGAACTATAGAACATGCACTTACATAACCCATAAAATGCTCAACCCTACGAATATCATTTAGAACAAGAACTCATTTATAGTACATAAGTACATTATTTACATTGATCGGACATAGC
LCSP005,ATTCTATTGATGGCCCAACCATGAGGTACTTTATAAGTATTAACATTCTCTCATGACCTCATGTAATTCGTGCATTAATGCATGCCCACATGAATAATGTACAGTACCAAAAATGCTTAACCATACATAGTACATTAAACATCAAACGTACATAAAACCCTCATCAAGCATGCTTACAAGCAAGAACTATTATTGTACTCCGAACTATAGAACATGCACTTACATAACCCATAAAATGCTCAACCCTACGAATATCATTTAGAACAAGAACTCATTTATAGTACATAAGTACATTATTTACATTGATCGGACATAGC
LCSP006,ATTCTATTGATGGCCCAACCATGAGGTACTTTATAAGCATTAACATTCTCTCATGACCTTATGTAATTCGTGCATCAATGCACGCCCACATGAATAATGTACAGTACCAAAAATGCTTAACCATACATAGTACATTAAACATTAAATGTACATAAAATCCTCACCAAGCATGCTTACAAGCAAGAACTATTATTGTACTCCGGACTATAGAACATGCACTTACATAACCCATAAAATGCTCAACCCTACGAATATCATTTAGAACAAGAACTCATTTATAGTACATAAGTACATTATTTACATTGATCGGACATAGC
LCSP007,ATTCTATTGATGGCCCAACCATGAGGTACTTTATAAGTATTAACATTCTCTCATGACCTCATGTAATTCGTGCATTAATGCATGCCCACATGAATAATGTACAGTACCAAAAATGCTTAACCATACATAGTACATTAAACATCAAACGTACATAAAACCCTCATCAAGCATGCTTACAAGCAAGAACTATTATTGTACTCCGAACTATAGAACATGCACTTACATAACCCATAAAATGCTCAACCCTACGAATATCATTTAGAACAAGAACTCATTTATAGTACATAAGTACATTATTTACATTGATCGGACATAGC
LCSP008,ATTCTATTGATGGCCCAACCATGAGGTACTTTATAAGTATTAACATTCTCTCATGACCTCATGTAATTCGTGCATTAATGCATGCCCACATGAATAATGTACAGTACCAAAAATGCTTAACCATACATAGTACATTAAACATCAAACGTACATAAAACCCTCATCAAGCATGCTTACAAGCAAGAACTATTATTGTACTCCGAACTATAGAACATGCACTTACATAACCCATAAAATGCTCAACCCTACGAATATCATTTAGAACAAGAACTCATTTATAGTACATAAGTACATTATTTACATTGATCGGACATAGC
LCSP009,ATTCTATTGATGGCCCAACCATGAGGTACTTTATAAGTATTAACATTCTCTCATGACCTCATGTAATTCGTGCATTAATGCATGCCCACATGAATAATGTACAGTACCAAAAATGCTTAACCATACATAGTACATTAAACATCAAACGTACATAAAACCCTCATCAAGCATGCTTACAAGCAAGAACTATTATTGTACTCCGAACTATAGAACATGCACTTACATAACCCATAAAATGCTCAACCCTACGAATATCATTTAGAACAAGAACTCATTTATAGTACATAAGTACATTATTTACATTGATCGGACATAGC
PEMD1,ATTCTATTGATGGCCCAACCATGAGGTACTTTATAAGTATTAACATTCTCTCATGACCTCATGTAATTCGTGCATCAATGCACGCCCACATGAATAATGTACAGTACCAAAAATGCTTAACCATACATAGTACATTAAACATCAAACGTACATAAAATCCTTATTAAGCATGCTTACAAGCAAGAACTATTATTGTACTCCGGACTATAGAACATGTACTTACATAACCCATAAAATGCTCAACCCTACGAATATCATTTAGAACAAGAACTCATTTATAGTACATAAGTACATTATTTACATTGGTCGGACATAGC
PEMD2,ATTCTATTGATGGCCCAACCATGAGGTACTTTATAAGTATTAACATTCTCTCATGACCTCATGTAATTCGTGCATCAATGCACGCCCACATGAATAATGTACAGTACCAAAAATGCTTAACCATACATAGTACATTAAACATCAAACGTACATAAAATCCTTATTAAGCATGCTTACAAGCAAGAACTATTATTGTACTCCGGACTATAGAACATGTACTTACATAACCCATAAAATGCTCAACCCTACGAATATCATTTAGAACAAGAACTCATTTATAGTACATAAGTACATTATTTACATTGATCGGACATAGC
PEMD4,ATTCTATTGATGGCCCAACCATGAGGTACTTTATAAGTATTAACATTCTCTCATGACCTCATGTAATTCGTGCATCAATGCACGCCCACATGAATAATGTACAGTACCAAAAATGCTTAACCATACATAGTACATTAAACATCAAACGTACATAAAATCCTTATTAAGCATGCTTACAAGCAAGAACTATTATTGTACTCCGGACTATAGAACATGTACTTACATAACCCATAAAATGCTCAACCCTACGAATATCATTTAGAACAAGAACTCATTTATAGTACATAAGTACATTATTTACATTGATCGGACATAGC
PEMD3A,ATTCTATTGATGGCCCAACCATGAGGTACTTTATAAGTATTAACATTCTCTCATGACCTCATGTAATTCGTGCATCAATGCACGCCCACATGAATAATGTACAGTACCAAAAATGCTTAACCATACATAGTACATTAAACATCAAACGTACATAAAATCCTTATTAAGCATGCTTACAAGCAAGAACTATTATTGTACTCCGGACTATAGAACATGTACTTACATAACCCATAAAATGCTCAACCCTACGAATATCATTTAGAACAAGAACTCATTTATAGTACATAAGTACATTATTTACATTGATCGGACATAGC
PEMD5C,ATTCTATTGATGGCCCAACCATGAGGTACTTTATAAGTATTAACATTCTCTCATGACCTCATGTAATTCGTGCATCAATGCACGCCCACATGAATAATGTACAGTACCAAAAATGCTTAACCATACATAGTACATTAAACATCAAACGTACATAAAATCCTTATTAAGCATGCTTACAAGCAAGAACTATTATTGTACTCCGGACTATAGAACATGTACTTACATAACCCATAAAATGCTCAACCCTACGAATATCATTTAGAACAAGAACTCATTTATAGTACATAAGTACATTATTTACATTGATCGGACATAGC
PEMD6B,ATTCTATTGATGGCCCAACCATGAGGTACTTTATAAGTATTAACATTCTCTCATGACCTCATGTAATTCGTGCATCAATGCACGCCCACATGAATAATGTACAGTACCAAAAATGCTTAACCATACATAGTACATTAAACATCAAACGTACATAAAATCCTTATTAAGCATGCTTACAAGCAAGAACTATTATTGTACTCCGGACTATAGAACATGTACTTACATAACCCATAAAATGCTCAACCCTACGAATATCATTTAGAACAAGAACTCATTTATAGTACATAAGTACATTATTTACATTGGTCGGACATAGC
PEMD7B,ATTCTATTGATGGCCCAACCATGAGGTACTTTATAAGTATTAACATTCTCTCATGACCTCATGTAATTCGTGCATCAATGCACGCCCACATGAATAATGTACAGTACCAAAAATGCTTAACCATACATAGTACATTAAACATCAAACGTACATAAAATCCTTATTAAGCATGCTTACAAGCAAGAACTATTATTGTACTCCGGACTATAGAACATGTACTTACATAACCCATAAAATGCTCAACCCTACGAATATCATTTAGAACAAGAACTCATTTATAGTACATAAGTACATTATTTACATTGATCGGACATAGC
PEMD8B,ATTCTATTGATGGCCCAACCATGAGGTACTTTATAAGTATTAACATTCTCTCATGACCTCATGTAATTCGTGCATCAATGCACGCCCACATGAATAATGTACAGTACCAAAAATGCTTAACCATACATAGTACATTAAACATCAAACGTACATAAAATCCTTATTAAGCATGCTTACAAGCAAGAACTATTATTGTACTCCGGACTATAGAACATGTACTTACATAACCCATAAAATGCTCAACCCTACGAATATCATTTAGAACAAGAACTCATTTATAGTACATAAGTACATTATTTACATTGATCGGACATAGC
PEMD9,ATTCTATTGATGGCCCAACCATGAGGTACTTTATAAGTATTAACATTCTCTCATGACCTCATGTAATTCGTGCATCAATGCACGCCCACATGAATAATGTACAGTACCAAAAATGCTTAACCATACATAGTACATTAAACATCAAACGTACATAAAATCCTTATTAAGCATGCTTACAAGCAAGAACTATTATTGTACTCCGGACTATAGAACATGTACTTACATAACCCATAAAATGCTCAACCCTACGAATATCATTTAGAACAAGAACTCATTTATAGTACATAAGTACATTATTTACATTGATCGGACATAGC
PEMD10,ATTCTATTGATGGCCCAACCATGAGGTACTTTATAAGTATTAACATTCTCTCATGACCTCATGTAATTCGTGCATCAATGCACGCCCACATGAATAATGTACAGTACCAAAAATGCTTAACCATACATAGTACATTAAACATCAAACGTACATAAAATCCTTATTAAGCATGCTTACAAGCAAGAACTATTATTGTACTCCGGACTATAGAACATGTACTTACATAACCCATAAAATGCTCAACCCTACGAATATCATTTAGAACAAGAACTCATTTATAGTACATAAGTACATTATTTACATTGATCGGACATAGC
PEMD11,ATTCTATTGATGGCCCAACCATGAGGTACTTTATAAGTATTAACATTCTCTCATGACCTCATGTAATTCGTGCATCAATGCACGCCCACATGAATAATGTACAGTACCAAAAATGCTTAACCATACATAGTACATTAAACATCAAACGTACATAAAATCCTTATTAAGCATGCTTACAAGCAAGAACTATTATTGTACTCCGGACTATAGAACATGTACTTACATAACCCATAAAATGCTCAACCCTACGAATATCATTTAGAACAAGAACTCATTTATAGTACATAAGTACATTATTTACATTGATCGGACATAGC
