Stud,Sex,BirthDate,Sire,Dam,id_institute,Location,Date,Local_id,Event_id,Event,Observation,NA,Name,
1,Male,1973,WILD,WILD,M DIABO,NA,1,Capture,,NA,
1,NA,NA,NA,NA,RIO PRIM,1973-11-01,29,Transfer,,NA,
1,NA,NA,NA,NA,a,a,1987-01-01,NA,6,Death,[Death by Unknown means],NA,,
1,NA,NA,NA,NA,a,a,NA,NA,NA,,
2,Female,????,WILD,WILD,M DIABO,1973-11-01,NA,Capture,,NA,
2,NA,NA,NA,NA,RIO PRIM,1973-11-01,30,Transfer,,NA,
2,NA,NA,NA,NA,a,a,1979-04-01,NA,6,Death,[Death by Unknown means],NA,,
2,NA,NA,NA,NA,a,a,NA,NA,NA,,
3,Male,????,WILD,WILD,M DIABO,1973-11-25,NA,Capture,,NA,
3,NA,NA,NA,NA,RIO PRIM,1973-11-25,31,Transfer,,NA,
3,NA,NA,NA,NA,a,a,1985-01-31,NA,6,Death,[Death by Unknown means],NA,,
3,NA,NA,NA,NA,a,a,NA,NA,NA,,
4,Female,????,WILD,WILD,M DIABO,1973-11-25,NA,Capture,,NA,
4,NA,NA,NA,NA,RIO PRIM,1973-11-25,32,Transfer,,NA,
4,NA,NA,NA,NA,a,a,1990-07-20,NA,6,Death,[Death by Other /Unknown  Given to an institution RIO PRIM  Necropsy planned later],NA,,
4,NA,NA,NA,NA,a,a,NA,NA,NA,,
5,Male,????,WILD,WILD,M DIABO,1973-11-25,NA,Capture,,NA,
5,NA,NA,NA,NA,RIO PRIM,1973-11-25,33,Transfer,,NA,
5,NA,NA,NA,NA,a,a,1977-08-30,NA,6,Death,[Death by Unknown means],NA,,
5,NA,NA,NA,NA,a,a,NA,NA,NA,,
6,Female,????,WILD,WILD,M DIABO,1973-11-25,NA,Capture,,NA,
6,NA,NA,NA,NA,RIO PRIM,1973-11-25,34,Transfer,,NA,
6,NA,NA,NA,NA,a,a,1988-06-28,NA,6,Death,[Death by Unknown means],NA,,
6,NA,NA,NA,NA,a,a,NA,NA,NA,,
7,Female,????,WILD,WILD,M DIABO,1973-11-25,NA,Capture,,NA,
7,NA,NA,NA,NA,RIO PRIM,1973-11-25,35,Transfer,,NA,
7,NA,NA,NA,NA,a,a,1974-01-10,NA,6,Death,[Death by Unknown means],NA,,
7,NA,NA,NA,NA,a,a,NA,NA,NA,,
8,Male,1 Sep 1974,1,2,RIO PRIM,1974-09-01,53,Birth,,NA,
8,NA,NA,NA,NA,a,a,1980-01-30,NA,6,Death,[Death by Unknown means],NA,,
8,NA,NA,NA,NA,a,a,NA,NA,NA,,
9,Female,1 Sep 1974,1,2,RIO PRIM,1974-09-01,54,Birth,,NA,
9,NA,NA,NA,NA,a,a,1987-08-29,NA,6,Death,[Death by Unknown means],NA,,
9,NA,NA,NA,NA,a,a,NA,NA,NA,,
10,Male,6 Oct 1974,5,6,RIO PRIM,1974-10-06,59,Birth,,NA,
10,NA,NA,NA,NA,a,a,1974-10-06,NA,6,Death,[Death by Unknown means],NA,,
10,NA,NA,NA,NA,a,a,NA,NA,NA,,
11,Female,6 Oct 1974,5,6,RIO PRIM,1974-10-06,60,Birth,,NA,
11,NA,NA,NA,NA,a,a,1980-01-18,NA,6,Death,[Death by Unknown means],NA,,
11,NA,NA,NA,NA,a,a,NA,NA,NA,,
12,Male,5 Oct 1975,1,2,RIO PRIM,1975-10-05,101,Birth,,NA,
12,NA,NA,NA,NA,a,a,1982-10-29,NA,6,Death,[Death by Other /Unknown  Given to an institution RIO PRIM  Necropsy planned later],NA,,
12,NA,NA,NA,NA,a,a,NA,NA,NA,,
13,Male,5 Oct 1975,1,2,RIO PRIM,1975-10-05,102,Birth,,NA,
13,NA,NA,NA,NA,a,a,1983-09-01,NA,6,Death,[Death by Other /Unknown  Given to an institution  Necropsy planned later],NA,,
13,NA,NA,NA,NA,a,a,NA,NA,NA,,
14,Female,9 Oct 1975,5,6,RIO PRIM,1975-10-09,103,Birth,,NA,
14,NA,NA,NA,NA,a,a,1989-07-13,NA,6,Death,[Death by Unknown means],NA,,
14,NA,NA,NA,NA,a,a,NA,NA,NA,,
15,Male,9 Oct 1975,5,6,RIO PRIM,1975-10-09,104,Birth,,NA,
15,NA,NA,NA,NA,a,a,1979-11-05,NA,6,Death,[Death by Unknown means],NA,,
15,NA,NA,NA,NA,a,a,NA,NA,NA,,
16,Male,8 Nov 1975,3,4,RIO PRIM,1975-11-08,114,Birth,,NA,
16,NA,NA,NA,NA,a,a,1992-05-05,NA,6,Death,[Death by Unknown means],NA,,
16,NA,NA,NA,NA,a,a,NA,NA,NA,,
17,Male,19 Sep 1976,1,2,RIO PRIM,1976-09-19,145,Birth,,NA,
17,NA,NA,NA,NA,a,a,1979-10-19,NA,6,Death,[Death by Unknown means],NA,,
17,NA,NA,NA,NA,a,a,NA,NA,NA,,
18,Female,19 Sep 1976,1,2,RIO PRIM,1976-09-19,146,Birth,,NA,
18,NA,NA,NA,NA,a,a,1992-04-07,NA,6,Death,[Death by Unknown means],NA,,
18,NA,NA,NA,NA,a,a,NA,NA,NA,,
19,Female,19 Oct 1976,5,6,RIO PRIM,1976-10-19,150,Birth,,NA,
19,NA,NA,NA,NA,a,a,1986-03-25,NA,6,Death,[Death by Unknown means],NA,,
19,NA,NA,NA,NA,a,a,NA,NA,NA,,
20,Female,19 Oct 1976,5,6,RIO PRIM,1976-10-19,151,Birth,,NA,
20,NA,NA,NA,NA,a,a,1984-05-09,NA,6,Death,[Death by Unknown means],NA,,
20,NA,NA,NA,NA,a,a,NA,NA,NA,,
21,Male,22 Feb 1977,1,2,RIO PRIM,1977-02-22,162,Birth,,NA,
21,NA,NA,NA,NA,a,a,1978-10-14,NA,6,Death,[Death by Unknown means],NA,,
21,NA,NA,NA,NA,a,a,NA,NA,NA,,
22,Female,22 Feb 1977,1,2,RIO PRIM,1977-02-22,163,Birth,,NA,
22,NA,NA,NA,NA,a,a,1978-01-26,NA,6,Death,[Death by Unknown means],NA,,
22,NA,NA,NA,NA,a,a,NA,NA,NA,,
23,Male,19 Oct 1977,1,2,RIO PRIM,1977-10-19,179,Birth,,NA,
23,NA,NA,NA,NA,a,a,1985-10-27,NA,6,Death,[Death by Unknown means],NA,,
23,NA,NA,NA,NA,a,a,NA,NA,NA,,
24,Female,27 Feb 1978,1,2,RIO PRIM,1978-02-27,195,Birth,,NA,
24,NA,NA,NA,NA,a,a,1978-02-28,NA,6,Death,[Death by Unknown means],NA,,
24,NA,NA,NA,NA,a,a,NA,NA,NA,,
25,Female,19 Sep 1978,1,2,RIO PRIM,1978-09-19,286,Birth,,NA,
25,NA,NA,NA,NA,a,a,1984-05-22,NA,6,Death,[Death by Unknown means],NA,,
25,NA,NA,NA,NA,a,a,NA,NA,NA,,
26,Male,12 Oct 1978,13,19,RIO PRIM,1978-10-12,210,Birth,,NA,
26,NA,NA,NA,NA,a,a,1978-10-27,NA,6,Death,[Death by Unknown means],NA,,
26,NA,NA,NA,NA,a,a,NA,NA,NA,,
27,Male,12 Oct 1978,13,19,RIO PRIM,1978-10-12,211,Birth,,NA,
27,NA,NA,NA,NA,a,a,1978-10-28,NA,6,Death,[Death by Unknown means],NA,,
27,NA,NA,NA,NA,a,a,NA,NA,NA,,
28,Female,3 Feb 1979,1,2,RIO PRIM,1979-02-03,227,Birth,,NA,
28,NA,NA,NA,NA,a,a,1979-07-02,NA,6,Death,[Death by Unknown means],NA,,
28,NA,NA,NA,NA,a,a,NA,NA,NA,,
29,Male,12 Oct 1979,13,19,RIO PRIM,1979-10-12,253,Birth,,NA,
29,NA,NA,NA,NA,a,a,1979-10-12,NA,6,Death,[Death by Stillbirth  Unknown  Unknown (after necropsy)],NA,,
29,NA,NA,NA,NA,a,a,NA,NA,NA,,
30,Male,12 Oct 1979,13,19,RIO PRIM,1979-10-12,254,Birth,,NA,
30,NA,NA,NA,NA,a,a,1979-10-12,NA,6,Death,[Death by Stillbirth  Unknown  Unknown (after necropsy)],NA,,
30,NA,NA,NA,NA,a,a,NA,NA,NA,,
31,Male,15 Sep 1980,13,19,RIO PRIM,1980-09-15,303,Birth,,NA,
31,NA,NA,NA,NA,a,a,1985-01-24,NA,6,Death,[Death by Unknown means],NA,,
31,NA,NA,NA,NA,a,a,NA,NA,NA,,
32,Male,15 Sep 1980,13,19,RIO PRIM,1980-09-15,304,Birth,,NA,
32,NA,NA,NA,NA,a,a,1997-05-02,NA,6,Death,[Death by Unknown means],NA,,
32,NA,NA,NA,NA,a,a,NA,NA,NA,,
33,Male,2 Nov 1980,12,14,RIO PRIM,1980-11-02,318,Birth,,NA,
33,NA,NA,NA,NA,a,a,1994-10-07,NA,6,Death,[Death by Unknown means],NA,,
33,NA,NA,NA,NA,a,a,NA,NA,NA,,
34,Male,6 Jan 1981,1,20,RIO PRIM,1981-01-06,330,Birth,,NA,
34,NA,NA,NA,NA,a,a,1982-11-05,NA,6,Death,[Death by Unknown means],NA,,
34,NA,NA,NA,NA,a,a,NA,NA,NA,,
35,Female,6 Jan 1981,1,20,RIO PRIM,1981-01-06,331,Birth,,NA,
35,NA,NA,NA,NA,a,a,1983-11-22,NA,6,Death,[Death by Unknown means],NA,,
35,NA,NA,NA,NA,a,a,NA,NA,NA,,
36,Male,27 Sep 1981,13,19,RIO PRIM,1981-09-27,354,Birth,,NA,
36,NA,NA,NA,NA,a,a,1981-12-06,NA,6,Death,[Death by Unknown means],NA,,
36,NA,NA,NA,NA,a,a,NA,NA,NA,,
37,Male,29 Oct 1981,1,20,RIO PRIM,1981-10-29,361,Birth,,NA,
37,NA,NA,NA,NA,a,a,1989-07-22,NA,6,Death,[Death by Unknown means],NA,,
37,NA,NA,NA,NA,a,a,NA,NA,NA,,
38,Male,29 Oct 1981,1,20,RIO PRIM,1981-10-29,362,Birth,,NA,
38,NA,NA,NA,NA,a,a,1990-08-07,NA,6,Death,[Death by Other /Unknown  Given to an institution RIO PRIM  Necropsy planned later],NA,,
38,NA,NA,NA,NA,a,a,NA,NA,NA,,
39,Female,31 Oct 1981,3,6,RIO PRIM,1981-10-31,363,Birth,,NA,
39,NA,NA,NA,NA,a,a,1982-01-20,NA,6,Death,[Death by Unknown means],NA,,
39,NA,NA,NA,NA,a,a,NA,NA,NA,,
40,Male,31 Oct 1981,3,6,RIO PRIM,1981-10-31,364,Birth,,NA,
40,NA,NA,NA,NA,a,a,1982-01-20,NA,6,Death,[Death by Unknown means],NA,,
40,NA,NA,NA,NA,a,a,NA,NA,NA,,
41,Unknown,29 Oct 1981,1,20,RIO PRIM,1981-10-29,368,Birth,,NA,
41,NA,NA,NA,NA,a,a,1981-10-29,NA,6,Death,[Death by Unknown means],NA,,
41,NA,NA,NA,NA,a,a,NA,NA,NA,,
42,Male,25 Dec 1981,12,14,RIO PRIM,1981-12-25,374,Birth,,NA,
42,NA,NA,NA,NA,a,a,1982-02-06,NA,6,Death,[Death by Unknown means],NA,,
42,NA,NA,NA,NA,a,a,NA,NA,NA,,
43,Male,25 Dec 1981,12,14,RIO PRIM,1981-12-25,375,Birth,,NA,
43,NA,NA,NA,NA,a,a,1982-02-10,NA,6,Death,[Death by Unknown means],NA,,
43,NA,NA,NA,NA,a,a,NA,NA,NA,,
44,Female,25 Sep 1982,3,6,RIO PRIM,1982-09-25,402,Birth,,NA,
44,NA,NA,NA,NA,a,a,1998-06-22,NA,6,Death,[Death by Unknown means],NA,,
44,NA,NA,NA,NA,a,a,NA,NA,NA,,
45,Male,9 Oct 1982,16,18,RIO PRIM,1982-10-09,408,Birth,,NA,
45,NA,NA,NA,NA,SAO PAULO,1991-11-13,19818,Transfer,,NA,
45,NA,NA,NA,NA,a,a,1998-03-17,NA,6,Death,[Death by Unknown means],NA,,
45,NA,NA,NA,NA,a,a,NA,NA,NA,,
46,Unknown,9 Oct 1982,16,18,RIO PRIM,1982-10-09,412,Birth,,NA,
46,NA,NA,NA,NA,a,a,1982-10-09,NA,6,Death,[Death by Unknown means],NA,,
46,NA,NA,NA,NA,a,a,NA,NA,NA,,
47,Male,14 Oct 1982,1,20,RIO PRIM,1982-10-14,410,Birth,,NA,
47,NA,NA,NA,NA,a,a,1992-01-15,NA,6,Death,[Death by Unknown means],NA,,
47,NA,NA,NA,NA,a,a,NA,NA,NA,,
48,Female,14 Oct 1982,1,20,RIO PRIM,1982-10-14,411,Birth,,NA,
48,NA,NA,NA,NA,a,a,1989-12-22,NA,6,Death,[Death by Other /Unknown  Given to an institution  Necropsy planned later],NA,,
48,NA,NA,NA,NA,a,a,NA,NA,NA,,
49,Female,29 Mar 1983,13,19,RIO PRIM,1983-03-29,445,Birth,,NA,
49,NA,NA,NA,NA,a,a,1983-04-02,NA,6,Death,[Death by Unknown means],NA,,
49,NA,NA,NA,NA,a,a,NA,NA,NA,,
50,Male,15 Aug 1983,13,19,RIO PRIM,1983-08-15,471,Birth,,NA,
50,NA,NA,NA,NA,a,a,1983-08-17,NA,6,Death,[Death by Unknown means],NA,,
50,NA,NA,NA,NA,a,a,NA,NA,NA,,
51,Male,23 Sep 1983,1,20,RIO PRIM,1983-09-23,504,Birth,,NA,
51,NA,NA,NA,NA,a,a,1983-09-27,NA,6,Death,[Death by Unknown means],NA,,
51,NA,NA,NA,NA,a,a,NA,NA,NA,,
52,Female,23 Sep 1983,1,20,RIO PRIM,1983-09-23,505,Birth,,NA,
52,NA,NA,NA,NA,a,a,1983-09-30,NA,6,Death,[Death by Unknown means],NA,,
52,NA,NA,NA,NA,a,a,NA,NA,NA,,
53,Male,23 Sep 1983,1,20,RIO PRIM,1983-09-23,506,Birth,,NA,
53,NA,NA,NA,NA,a,a,1983-10-04,NA,6,Death,[Death by Unknown means],NA,,
53,NA,NA,NA,NA,a,a,NA,NA,NA,,
54,Male,25 Sep 1983,31,25,RIO PRIM,1983-09-25,507,Birth,,NA,
54,NA,NA,NA,NA,a,a,1983-09-27,NA,6,Death,[Death by Unknown means],NA,,
54,NA,NA,NA,NA,a,a,NA,NA,NA,,
55,Female,25 Sep 1983,31,25,RIO PRIM,1983-09-25,508,Birth,,NA,
55,NA,NA,NA,NA,a,a,1983-09-27,NA,6,Death,[Death by Unknown means],NA,,
55,NA,NA,NA,NA,a,a,NA,NA,NA,,
56,Female,14 Oct 1983,32,35,RIO PRIM,1983-10-14,512,Birth,,NA,
56,NA,NA,NA,NA,a,a,1983-10-15,NA,6,Death,[Death by Unknown means],NA,,
56,NA,NA,NA,NA,a,a,NA,NA,NA,,
57,Female,14 Oct 1983,32,35,RIO PRIM,1983-10-14,513,Birth,,NA,
57,NA,NA,NA,NA,a,a,1991-12-16,NA,6,Death,[Death by Unknown means],NA,,
57,NA,NA,NA,NA,a,a,NA,NA,NA,,
58,Male,14 Oct 1983,32,35,RIO PRIM,1983-10-14,514,Birth,,NA,
58,NA,NA,NA,NA,a,a,1994-06-06,NA,6,Death,[Death by Unknown means],NA,,
58,NA,NA,NA,NA,a,a,NA,NA,NA,,
59,Male,18 Nov 1983,3,6,RIO PRIM,1983-11-18,524,Birth,,NA,
59,NA,NA,NA,NA,a,a,1989-12-12,NA,6,Death,[Death by Other /Unknown  Given to an institution RIO PRIM  Necropsy planned later],NA,,
59,NA,NA,NA,NA,a,a,NA,NA,NA,,
60,Female,18 Nov 1983,3,6,RIO PRIM,1983-11-18,525,Birth,,NA,
60,NA,NA,NA,NA,a,a,1985-11-13,NA,6,Death,[Death by Unknown means],NA,,
60,NA,NA,NA,NA,a,a,NA,NA,NA,,
61,Unknown,4 Feb 1984,31,25,RIO PRIM,1984-02-04,538,Birth,,NA,
61,NA,NA,NA,NA,a,a,1984-02-04,NA,6,Death,[Death by Unknown means],NA,,
61,NA,NA,NA,NA,a,a,NA,NA,NA,,
62,Female,4 Feb 1984,31,25,RIO PRIM,1984-02-04,539,Birth,,NA,
62,NA,NA,NA,NA,a,a,1984-02-05,NA,6,Death,[Death by Unknown means],NA,,
62,NA,NA,NA,NA,a,a,NA,NA,NA,,
63,Female,4 Feb 1984,31,25,RIO PRIM,1984-02-04,540,Birth,,NA,
63,NA,NA,NA,NA,SAO PAULO,1994-02-08,21436,Transfer,,NA,
63,NA,NA,NA,NA,a,a,1994-02-09,NA,6,Death,[Death by Unknown means],NA,,
63,NA,NA,NA,NA,a,a,NA,NA,NA,,
64,Female,15 Feb 1984,38,19,RIO PRIM,1984-02-15,543,Birth,,NA,
64,NA,NA,NA,NA,a,a,1984-02-18,NA,6,Death,[Death by Unknown means],NA,,
64,NA,NA,NA,NA,a,a,NA,NA,NA,,
65,Female,15 Feb 1984,38,19,RIO PRIM,1984-02-15,544,Birth,,NA,
65,NA,NA,NA,NA,a,a,1984-02-17,NA,6,Death,[Death by Unknown means],NA,,
65,NA,NA,NA,NA,a,a,NA,NA,NA,,
66,Male,29 Feb 1984,1,20,RIO PRIM,1984-02-29,547,Birth,,NA,
66,NA,NA,NA,NA,a,a,1985-03-14,NA,6,Death,[Death by Unknown means],NA,,
66,NA,NA,NA,NA,a,a,NA,NA,NA,,
67,Female,29 Feb 1984,1,20,RIO PRIM,1984-02-29,548,Birth,,NA,
67,NA,NA,NA,NA,a,a,1990-10-10,NA,6,Death,[Death by Other /Unknown  Given to an institution RIO PRIM  Necropsy planned later],NA,,
67,NA,NA,NA,NA,a,a,NA,NA,NA,,
68,Female,27 Nov 1984,38,19,RIO PRIM,1984-11-27,609,Birth,,NA,
68,NA,NA,NA,NA,a,a,1984-12-01,NA,6,Death,[Death by Unknown means],NA,,
68,NA,NA,NA,NA,a,a,NA,NA,NA,,
69,Male,12 Dec 1984,32,44,RIO PRIM,1984-12-12,616,Birth,,NA,
69,NA,NA,NA,NA,a,a,1991-10-25,NA,6,Death,[Death by Unknown means],NA,,
69,NA,NA,NA,NA,a,a,NA,NA,NA,,
70,Female,12 Dec 1984,32,44,RIO PRIM,1984-12-12,617,Birth,,NA,
70,NA,NA,NA,NA,SAO PAULO,1994-02-08,21439,Transfer,,NA,
70,NA,NA,NA,NA,a,a,1996-12-02,NA,6,Death,[Death by Unknown means],NA,,
70,NA,NA,NA,NA,a,a,NA,NA,NA,,
71,Male,4 Oct 1985,32,44,RIO PRIM,1985-10-04,665,Birth,,NA,
71,NA,NA,NA,NA,a,a,2002-02-05,NA,6,Death,[Death by Other /Unknown  Mounted or Preserved RIO PRIM  No necropsy planned],NA,,
71,NA,NA,NA,NA,a,a,NA,NA,NA,,
72,Female,4 Oct 1985,32,44,RIO PRIM,1985-10-04,666,Birth,,NA,
72,NA,NA,NA,NA,a,a,1992-02-09,NA,6,Death,[Death by Unknown means],NA,,
72,NA,NA,NA,NA,a,a,NA,NA,NA,,
73,Male,1984,WILD,WILD,M DIABO,1985-11-07,NA,Capture,,NA,
73,NA,NA,NA,NA,RIO PRIM,1985-11-07,686,Transfer,,NA,
73,NA,NA,NA,NA,a,a,2003-10-23,NA,6,Death,[Death by Environ/Behav conditions  Mounted or Preserved 1552  Unknown (after necropsy)],NA,,
73,NA,NA,NA,NA,a,a,NA,NA,NA,,
74,Female,1984,WILD,WILD,M DIABO,1985-11-07,NA,Capture,,NA,
74,NA,NA,NA,NA,RIO PRIM,1985-11-07,687,Transfer,,NA,
74,NA,NA,NA,NA,a,a,1993-04-14,NA,6,Death,[Death by Unknown means],NA,,
74,NA,NA,NA,NA,a,a,NA,NA,NA,,
75,Male,????,WILD,WILD,M DIABO,1985-11-07,NA,Capture,,NA,
75,NA,NA,NA,NA,RIO PRIM,1985-11-07,688,Transfer,,NA,
75,NA,NA,NA,NA,SAO PAULO,1991-11-13,19817,Transfer,,NA,
75,NA,NA,NA,NA,a,a,2001-08-12,NA,6,Death,[Death by Unknown means],NA,,
75,NA,NA,NA,NA,a,a,NA,NA,NA,,
76,Female,????,WILD,WILD,M DIABO,1985-11-07,NA,Capture,689,NA,
76,NA,NA,NA,NA,RIO PRIM,1985-11-07,689,Transfer,,NA,
76,NA,NA,NA,NA,a,a,1993-11-17,NA,6,Death,[Death by Other /Unknown  Given to an institution NATIONAL MUSEUMRIODE JANEIRO  Unknown (after necropsy)],NA,,
76,NA,NA,NA,NA,a,a,NA,NA,NA,,
77,Male,1985,73,74,M GOBI,1985-11-07,NA,Capture,,NA,
77,NA,NA,NA,NA,RIO PRIM,1985-11-07,690,Transfer,,NA,
77,NA,NA,NA,NA,a,a,1995-12-24,NA,6,Death,[Death by Unknown means],NA,,
77,NA,NA,NA,NA,a,a,NA,NA,NA,,
78,Female,1985,73,74,M DIABO,1985-11-07,NA,Capture,691,NA,
78,NA,NA,NA,NA,RIO PRIM,1985-11-07,691,Transfer,,NA,
78,NA,NA,NA,NA,a,a,1998-07-03,NA,6,Death,[Death by Unknown means],NA,,
78,NA,NA,NA,NA,a,a,NA,NA,NA,,
79,Male,10 Nov 1985,1,19,RIO PRIM,1985-11-10,685,Birth,,NA,
79,NA,NA,NA,NA,a,a,1985-11-12,NA,6,Death,[Death by Unknown means],NA,,
79,NA,NA,NA,NA,a,a,NA,NA,NA,,
80,Male,13 Nov 1985,58,60,RIO PRIM,1985-11-13,692,Birth,,NA,
80,NA,NA,NA,NA,a,a,1985-11-13,NA,6,Death,[Death by Unknown means],NA,,
80,NA,NA,NA,NA,a,a,NA,NA,NA,,
81,Female,13 Nov 1985,58,60,RIO PRIM,1985-11-13,693,Birth,,NA,
81,NA,NA,NA,NA,a,a,1985-11-13,NA,6,Death,[Death by Unknown means],NA,,
81,NA,NA,NA,NA,a,a,NA,NA,NA,,
82,Female,13 Nov 1985,58,60,RIO PRIM,1985-11-13,694,Birth,,NA,
82,NA,NA,NA,NA,a,a,1985-11-13,NA,6,Death,[Death by Unknown means],NA,,
82,NA,NA,NA,NA,a,a,NA,NA,NA,,
83,Male,27 Jan 1986,59,57,RIO PRIM,1986-01-27,713,Birth,,NA,
83,NA,NA,NA,NA,SAO PAULO,1994-02-08,21438,Transfer,,NA,
83,NA,NA,NA,NA,a,a,2001-08-16,NA,6,Death,[Death by Other /Unknown  Unknown  Generalized  Nutrition],NA,,
83,NA,NA,NA,NA,a,a,NA,NA,NA,,
84,Male,17 Sep 1986,73,74,RIO PRIM,1986-09-17,753,Birth,CLAUDIO,NA,
84,NA,NA,NA,NA,JERSEY,1990-08-31,M1598,Transfer,,NA,
84,NA,NA,NA,NA,a,a,1999-06-15,NA,6,Death,[Death by Unknown means],NA,,
84,NA,NA,NA,NA,a,a,NA,NA,NA,,
85,Female,17 Sep 1986,73,74,RIO PRIM,1986-09-17,754,Birth,,NA,
85,NA,NA,NA,NA,SAO PAULO,1994-02-08,21435,Transfer,,NA,
85,NA,NA,NA,NA,CENTRALPK,1995-04-19,956095,Transfer,,NA,
85,NA,NA,NA,NA,a,a,1999-09-20,NA,6,Death,[Death by Other /Unknown  Incinerate   Unknown (after necropsy)],NA,,
85,NA,NA,NA,NA,a,a,NA,NA,NA,,
86,Male,18 Sep 1986,32,44,RIO PRIM,1986-09-18,756,Birth,,NA,
86,NA,NA,NA,NA,a,a,1989-06-26,NA,6,Death,[Death by Unknown means],NA,,
86,NA,NA,NA,NA,a,a,NA,NA,NA,,
87,Male,18 Sep 1986,32,44,RIO PRIM,1986-09-18,757,Birth,,NA,
87,NA,NA,NA,NA,a,a,1989-05-26,NA,6,Death,[Death by Unknown means],NA,,
87,NA,NA,NA,NA,a,a,NA,NA,NA,,
88,Male,12 Oct 1986,59,57,RIO PRIM,1986-10-12,767,Birth,,NA,
88,NA,NA,NA,NA,a,a,1986-10-15,NA,6,Death,[Death by Unknown means],NA,,
88,NA,NA,NA,NA,a,a,NA,NA,NA,,
89,Female,????,WILD,WILD,M DIABO,1986-11-11,NA,Capture,,NA,
89,NA,NA,NA,NA,SAO PAULO,1986-11-11,16701,Transfer,,NA,
89,NA,NA,NA,NA,a,a,1994-10-11,NA,6,Death,[Death by Unknown means],NA,,
89,NA,NA,NA,NA,a,a,NA,NA,NA,,
90,Female,????,WILD,WILD,M DIABO,1986-11-11,NA,Capture,,NA,
90,NA,NA,NA,NA,SAO PAULO,1986-11-11,16702,Transfer,,NA,
90,NA,NA,NA,NA,a,a,1989-06-20,NA,6,Death,[Death by Unknown means],NA,,
90,NA,NA,NA,NA,a,a,NA,NA,NA,,
91,Female,????,WILD,WILD,M DIABO,1986-11-11,NA,Capture,,NA,
91,NA,NA,NA,NA,SAO PAULO,1986-11-11,16703,Transfer,,NA,
91,NA,NA,NA,NA,SAO CARLOS,2003-10-16,91,Transfer,,NA,
91,NA,NA,NA,NA,a,a,2003-10-21,NA,6,Death,[Death by Environ/Behav conditions  Unknown  Generalized  Metabolism],NA,,
91,NA,NA,NA,NA,a,a,NA,NA,NA,,
92,Female,????,WILD,WILD,M DIABO,1986-11-11,NA,Capture,,NA,
92,NA,NA,NA,NA,SAO PAULO,1986-11-11,16704,Transfer,,NA,
92,NA,NA,NA,NA,a,a,1993-05-25,NA,6,Death,[Death by Unknown means],NA,,
92,NA,NA,NA,NA,a,a,NA,NA,NA,,
93,Male,????,WILD,WILD,M DIABO,1986-11-11,NA,Capture,,NA,
93,NA,NA,NA,NA,SAO PAULO,1986-11-11,16699,Transfer,,NA,
93,NA,NA,NA,NA,a,a,1990-12-05,NA,6,Death,[Death by Other /Unknown  Given to an institution SAO PAULO  No necropsy planned],NA,,
93,NA,NA,NA,NA,a,a,NA,NA,NA,,
94,Female,????,WILD,WILD,M DIABO,1986-11-11,NA,Capture,,NA,
94,NA,NA,NA,NA,SAO PAULO,1986-11-11,16700,Transfer,,NA,
94,NA,NA,NA,NA,a,a,1990-02-06,NA,6,Death,[Death by Other /Unknown  Given to an institution SAO PAULO  Necropsy planned later],NA,,
94,NA,NA,NA,NA,a,a,NA,NA,NA,,
95,Female,????,WILD,WILD,M DIABO,1986-11-11,NA,Capture,,NA,
95,NA,NA,NA,NA,SAO PAULO,1986-11-11,16706,Transfer,,NA,
95,NA,NA,NA,NA,a,a,1997-05-25,NA,6,Death,[Death by Unknown means],NA,,
95,NA,NA,NA,NA,a,a,NA,NA,NA,,
96,Male,????,WILD,WILD,M DIABO,1986-11-11,NA,Capture,,NA,
96,NA,NA,NA,NA,SAO PAULO,1986-11-11,16697,Transfer,,NA,
96,NA,NA,NA,NA,SAO CARLOS,2003-10-16,96,Transfer,,NA,
96,NA,NA,NA,NA,a,a,2003-10-21,NA,6,Death,[Death by Environ/Behav conditions  Unknown  Generalized  Metabolism],NA,,
96,NA,NA,NA,NA,a,a,NA,NA,NA,,
97,Male,????,WILD,WILD,M DIABO,1986-11-11,NA,Capture,,NA,
97,NA,NA,NA,NA,SAO PAULO,1986-11-11,16696,Transfer,,NA,
97,NA,NA,NA,NA,a,a,1990-05-10,NA,6,Death,[Death by Other /Unknown  Given to an institution SAO PAULO  Necropsy planned later],NA,,
97,NA,NA,NA,NA,a,a,NA,NA,NA,,
98,Female,????,WILD,WILD,M DIABO,1986-11-11,NA,Capture,,NA,
98,NA,NA,NA,NA,SAO PAULO,1986-11-11,16698,Transfer,,NA,
98,NA,NA,NA,NA,a,a,1992-10-15,NA,6,Death,[Death by Unknown means],NA,,
98,NA,NA,NA,NA,a,a,NA,NA,NA,,
99,Male,????,WILD,WILD,M DIABO,1986-11-11,NA,Capture,,NA,
99,NA,NA,NA,NA,SAO PAULO,1986-11-11,16694,Transfer,,NA,
99,NA,NA,NA,NA,a,a,1994-10-20,NA,6,Death,[Death by Unknown means],NA,,
99,NA,NA,NA,NA,a,a,NA,NA,NA,,
100,Female,????,WILD,WILD,M DIABO,1986-11-11,NA,Capture,,NA,
100,NA,NA,NA,NA,SAO PAULO,1986-11-11,16695,Transfer,,NA,
100,NA,NA,NA,NA,a,a,1999-08-15,NA,6,Death,[Death by Unknown means],NA,,
100,NA,NA,NA,NA,a,a,NA,NA,NA,,
101,Unknown,????,93,94,M DIABO,1986-11-11,NA,Capture,,NA,
101,NA,NA,NA,NA,SAO PAULO,1986-11-11,NA,Death,,NA,[Death by Stillbirth  Unknown  Unknown (after necropsy)],
101,NA,NA,NA,NA,a,a,NA,NA,NA,,
102,Unknown,????,93,94,M DIABO,1986-11-11,NA,Capture,,NA,
102,NA,NA,NA,NA,SAO PAULO,1986-11-11,NA,Death,,NA,[Death by Stillbirth  Unknown  Unknown (after necropsy)],
102,NA,NA,NA,NA,a,a,NA,NA,NA,,
103,Male,????,WILD,WILD,M DIABO,1986-11-11,NA,Capture,,NA,
103,NA,NA,NA,NA,SAO PAULO,1986-11-11,16708,Transfer,,NA,
103,NA,NA,NA,NA,a,a,1987-02-01,NA,6,Death,[Death by Unknown means],NA,,
103,NA,NA,NA,NA,a,a,NA,NA,NA,,
104,Male,????,WILD,WILD,M DIABO,1986-11-11,NA,Capture,,NA,
104,NA,NA,NA,NA,SAO PAULO,1986-11-11,16707,Transfer,,NA,
104,NA,NA,NA,NA,a,a,1987-02-05,NA,6,Death,[Death by Unknown means],NA,,
104,NA,NA,NA,NA,a,a,NA,NA,NA,,
105,Female,31 Jan 1987,32,44,RIO PRIM,1987-01-31,800,Birth,MARIA,NA,
105,NA,NA,NA,NA,JERSEY,1990-08-31,M1599,Transfer,,NA,
105,NA,NA,NA,NA,a,a,2000-04-24,NA,6,Death,[Death by Unknown means],NA,,
105,NA,NA,NA,NA,a,a,NA,NA,NA,,
106,Male,25 Feb 1987,59,57,RIO PRIM,1987-02-25,805,Birth,,NA,
106,NA,NA,NA,NA,JERSEY,1990-09-01,M1596,Transfer,,NA,
106,NA,NA,NA,NA,a,a,2004-06-29,NA,6,Death,[Death by Euthanasia (medical)  Unknown  Necropsy planned later  Unknown after necropsy],NA,,
106,NA,NA,NA,NA,a,a,NA,NA,NA,,
107,Male,25 Feb 1987,59,57,RIO PRIM,1987-02-25,806,Birth,,NA,
107,NA,NA,NA,NA,SAO PAULO,1994-02-08,21434,Transfer,,NA,
107,NA,NA,NA,NA,CENTRALPK,1995-04-19,956096,Transfer,,NA,
107,NA,NA,NA,NA,NY BRONX,1998-12-18,956096,Transfer,,NA,
107,NA,NA,NA,NA,a,a,2006-03-26,NA,6,Death,[Death by Euthanasia (medical)  Unknown  No necropsy planned],NA,,
107,NA,NA,NA,NA,a,a,NA,NA,NA,,
108,Male,6 Mar 1987,99,100,SAO PAULO,1987-03-06,NA,Birth,,NA,
108,NA,NA,NA,NA,a,a,1987-03-07,NA,6,Death,[Death by Unknown means],NA,,
108,NA,NA,NA,NA,a,a,NA,NA,NA,,
109,Male,6 Mar 1987,99,100,SAO PAULO,1987-03-06,NA,Birth,,NA,
109,NA,NA,NA,NA,a,a,1987-03-08,NA,6,Death,[Death by Unknown means],NA,,
109,NA,NA,NA,NA,a,a,NA,NA,NA,,
110,Female,12 Sep 1987,32,44,RIO PRIM,1987-09-12,851,Birth,GERTIE,NA,
110,NA,NA,NA,NA,JERSEY,1990-08-31,M1601,Transfer,,NA,
110,NA,NA,NA,NA,a,a,2008-04-03,NA,6,Death,[Death by Euthanasia (medical)  Unknown  Unknown (after necropsy)],NA,,
110,NA,NA,NA,NA,a,a,NA,NA,NA,,
111,Female,12 Sep 1987,32,44,RIO PRIM,1987-09-12,852,Birth,,NA,
111,NA,NA,NA,NA,a,a,1991-11-03,NA,6,Death,[Death by Unknown means],NA,,
111,NA,NA,NA,NA,a,a,NA,NA,NA,,
112,Male,20 Sep 1987,93,94,SAO PAULO,1987-09-20,17301,Birth,,NA,
112,NA,NA,NA,NA,a,a,1989-09-28,NA,6,Death,[Death by Unknown means],NA,,
112,NA,NA,NA,NA,a,a,NA,NA,NA,,
113,Male,23 Sep 1987,73,74,RIO PRIM,1987-09-23,856,Birth,,NA,
113,NA,NA,NA,NA,SAO PAULO,1991-11-13,19820,Transfer,,NA,
113,NA,NA,NA,NA,a,a,1992-03-12,NA,6,Death,[Death by Unknown means],NA,,
113,NA,NA,NA,NA,a,a,NA,NA,NA,,
114,Male,23 Sep 1987,73,74,RIO PRIM,1987-09-23,857,Birth,,NA,
114,NA,NA,NA,NA,a,a,1989-12-22,NA,6,Death,[Death by Other /Unknown  Given to an institution RIO PRIM  Necropsy planned later],NA,,
114,NA,NA,NA,NA,a,a,NA,NA,NA,,
115,Male,13 Oct 1987,59,57,RIO PRIM,1987-10-13,864,Birth,,NA,
115,NA,NA,NA,NA,a,a,1990-03-29,NA,6,Death,[Death by Other /Unknown  Given to an institution  Necropsy planned later],NA,,
115,NA,NA,NA,NA,a,a,NA,NA,NA,,
116,Male,13 Oct 1987,59,57,RIO PRIM,1987-10-13,865,Birth,,NA,
116,NA,NA,NA,NA,JERSEY,1990-08-31,M1600,Transfer,,NA,
116,NA,NA,NA,NA,ADELAIDE,1995-10-12,950402,Transfer,,NA,
116,NA,NA,NA,NA,a,a,2001-06-06,NA,6,Death,[Death by Euthanasia (medical)  Unknown  No necropsy planned],NA,,
116,NA,NA,NA,NA,a,a,NA,NA,NA,,
117,Female,13 Oct 1987,59,57,RIO PRIM,1987-10-13,866,Birth,,NA,
117,NA,NA,NA,NA,a,a,1993-06-23,NA,6,Death,[Death by Unknown means],NA,,
117,NA,NA,NA,NA,a,a,NA,NA,NA,,
118,Male,3 Nov 1987,69,76,RIO PRIM,1987-11-03,874,Birth,,NA,
118,NA,NA,NA,NA,SAO PAULO,1994-02-08,21433,Transfer,,NA,
118,NA,NA,NA,NA,a,a,2010-11-08,NA,6,Death,[Death by Unknown means],NA,,
118,NA,NA,NA,NA,a,a,NA,NA,NA,,
119,Male,4 Dec 1987,38,63,RIO PRIM,1987-12-04,880,Birth,,NA,
119,NA,NA,NA,NA,a,a,1987-12-04,NA,6,Death,[Death by Unknown means],NA,,
119,NA,NA,NA,NA,a,a,NA,NA,NA,,
120,Unknown,4 Dec 1987,38,63,RIO PRIM,1987-12-04,881,Birth,,NA,
120,NA,NA,NA,NA,a,a,1987-12-04,NA,6,Death,[Death by Unknown means],NA,,
120,NA,NA,NA,NA,a,a,NA,NA,NA,,
121,Female,????,WILD,WILD,M DIABO,1987-12-18,NA,Capture,,NA,
121,NA,NA,NA,NA,SAO PAULO,1987-12-18,17872,Transfer,,NA,
121,NA,NA,NA,NA,a,a,1989-01-30,NA,6,Death,[Death by Other /Unknown  Given to an institution  Necropsy planned later],NA,,
121,NA,NA,NA,NA,a,a,NA,NA,NA,,
122,Male,5 Jan 1988,58,72,RIO PRIM,1988-01-05,890,Birth,,NA,
122,NA,NA,NA,NA,a,a,1988-03-16,NA,6,Death,[Death by Unknown means],NA,,
122,NA,NA,NA,NA,a,a,NA,NA,NA,,
123,Male,????,WILD,WILD,M DIABO,1986-11-11,NA,Capture,,NA,
123,NA,NA,NA,NA,SAO PAULO,1986-11-11,16705,Transfer,,NA,
123,NA,NA,NA,NA,a,a,1987-05-25,NA,6,Death,[Death by Unknown means],NA,,
123,NA,NA,NA,NA,a,a,NA,NA,NA,,
124,Male,23 Aug 1988,73,74,RIO PRIM,1988-08-23,930,Birth,,NA,
124,NA,NA,NA,NA,SAO PAULO,1994-02-08,21429,Transfer,,NA,
124,NA,NA,NA,NA,a,a,2002-03-02,NA,6,Death,[Death by Other /Unknown  Unknown  Generalized  Viral],NA,,
124,NA,NA,NA,NA,a,a,NA,NA,NA,,
125,Female,23 Aug 1988,73,74,RIO PRIM,1988-08-23,931,Birth,ESME,NA,
125,NA,NA,NA,NA,JERSEY,1990-08-31,M1597,Transfer,,NA,
125,NA,NA,NA,NA,a,a,2008-04-23,NA,6,Death,[Death by Other /Unknown  Unknown  Necropsy planned later  Unknown after necropsy],NA,,
125,NA,NA,NA,NA,a,a,NA,NA,NA,,
126,Male,25 Aug 1988,97,98,SAO PAULO,1988-08-25,17662,Birth,,NA,
126,NA,NA,NA,NA,a,a,1998-03-28,NA,6,Death,[Death by Unknown means],NA,,
126,NA,NA,NA,NA,a,a,NA,NA,NA,,
127,Female,25 Aug 1988,97,98,SAO PAULO,1988-08-25,17663,Birth,,NA,
127,NA,NA,NA,NA,a,a,2010-04-24,NA,6,Death,[Death by Unknown means],NA,,
127,NA,NA,NA,NA,a,a,NA,NA,NA,,
128,Male,28 Sep 1988,32,44,RIO PRIM,1988-09-28,945,Birth,,NA,
128,NA,NA,NA,NA,SAO PAULO,1991-11-13,19819,Transfer,,NA,
128,NA,NA,NA,NA,CENTRALPK,1995-04-19,956097,Transfer,,NA,
128,NA,NA,NA,NA,PROSPECTP,2000-06-01,956097,Transfer,,NA,
128,NA,NA,NA,NA,a,a,2007-07-24,NA,6,Death,[Death by Unknown means],NA,,
128,NA,NA,NA,NA,a,a,NA,NA,NA,,
129,Male,28 Sep 1988,96,95,SAO PAULO,1988-09-28,17578,Birth,,NA,
129,NA,NA,NA,NA,a,a,1990-08-12,NA,6,Death,[Death by Other /Unknown  Given to an institution SAO PAULO  Necropsy planned later],NA,,
129,NA,NA,NA,NA,a,a,NA,NA,NA,,
130,Male,1 Oct 1988,69,76,RIO PRIM,1988-10-01,950,Birth,,NA,
130,NA,NA,NA,NA,a,a,2002-12-01,NA,6,Death,[Death by Unknown means],NA,,
130,NA,NA,NA,NA,a,a,NA,NA,NA,,
131,Male,1 Oct 1988,69,76,RIO PRIM,1988-10-01,951,Birth,,NA,
131,NA,NA,NA,NA,SAO PAULO,1994-02-08,21437,Transfer,,NA,
131,NA,NA,NA,NA,a,a,2000-07-29,NA,6,Death,[Death by Unknown means],NA,,
131,NA,NA,NA,NA,a,a,NA,NA,NA,,
132,Male,3 Oct 1988,99,100,SAO PAULO,1988-10-03,17728,Birth,,NA,
132,NA,NA,NA,NA,a,a,1994-09-01,NA,6,Death,[Death by Unknown means],NA,,
132,NA,NA,NA,NA,a,a,NA,NA,NA,,
133,Female,3 Oct 1988,99,100,SAO PAULO,1988-10-03,17729,Birth,,NA,
133,NA,NA,NA,NA,CENTRALPK,1995-04-19,956098,Transfer,,NA,
133,NA,NA,NA,NA,a,a,2003-04-11,NA,6,Death,[Death by Euthanasia (medical)  Incinerate   Necropsy planned later],NA,,
133,NA,NA,NA,NA,a,a,NA,NA,NA,,
134,Male,2 Dec 1988,58,72,RIO PRIM,1988-12-02,975,Birth,,NA,
134,NA,NA,NA,NA,a,a,1991-11-18,NA,6,Death,[Death by Unknown means],NA,,
134,NA,NA,NA,NA,a,a,NA,NA,NA,,
135,Female,28 Jan 1989,73,74,RIO PRIM,1989-01-28,988,Birth,,NA,
135,NA,NA,NA,NA,a,a,1993-10-08,NA,6,Death,[Death by Unknown means],NA,,
135,NA,NA,NA,NA,a,a,NA,NA,NA,,
136,Male,28 Jan 1989,73,74,RIO PRIM,1989-01-28,989,Birth,,NA,
136,NA,NA,NA,NA,a,a,1989-07-22,NA,6,Death,[Death by Unknown means],NA,,
136,NA,NA,NA,NA,a,a,NA,NA,NA,,
137,Male,26 Aug 1989,59,57,RIO PRIM,1989-08-26,1020,Birth,,NA,
137,NA,NA,NA,NA,a,a,1992-01-22,NA,6,Death,[Death by Unknown means],NA,,
137,NA,NA,NA,NA,a,a,NA,NA,NA,,
138,Female,26 Aug 1989,59,57,RIO PRIM,1989-08-26,1021,Birth,,NA,
138,NA,NA,NA,NA,a,a,1991-11-27,NA,6,Death,[Death by Unknown means],NA,,
138,NA,NA,NA,NA,a,a,NA,NA,NA,,
139,Male,1 Sep 1989,97,98,SAO PAULO,1989-09-01,18303,Birth,,NA,
139,NA,NA,NA,NA,a,a,1991-03-02,NA,6,Death,[Death by Other /Unknown  Given to an institution SAO PAULO  Necropsy planned later],NA,,
139,NA,NA,NA,NA,a,a,NA,NA,NA,,
140,Female,23 Sep 1989,73,74,RIO PRIM,1989-09-23,1036,Birth,TINA,NA,
140,NA,NA,NA,NA,FORTWORTH,1995-08-04,1215,Transfer,,NA,
140,NA,NA,NA,NA,CENTRALPK,1998-11-19,986160,Transfer,,NA,
140,NA,NA,NA,NA,PROSPECTP,1999-07-28,986160,Transfer,,NA,
140,NA,NA,NA,NA,a,a,2008-04-07,NA,6,Death,[Death by Unknown means],NA,,
140,NA,NA,NA,NA,a,a,NA,NA,NA,,
141,Female,23 Sep 1989,73,74,RIO PRIM,1989-09-23,1037,Birth,,NA,
141,NA,NA,NA,NA,WILD,1991-01-03,NA,Release,,NA,
141,NA,NA,NA,NA,a,a,1991-01-04,NA,6,Death,[Death by Unknown means],NA,,
141,NA,NA,NA,NA,a,a,NA,NA,NA,,
142,Male,28 Sep 1989,69,76,RIO PRIM,1989-09-28,1047,Birth,CAPTAIN,NA,
142,NA,NA,NA,NA,FORTWORTH,1995-08-04,1213,Transfer,,NA,
142,NA,NA,NA,NA,CENTRALPK,1998-11-19,986157,Transfer,,NA,
142,NA,NA,NA,NA,PROSPECTP,1999-07-28,986157,Transfer,,NA,
142,NA,NA,NA,NA,CENTRALPK,2000-06-01,142,Transfer,,NA,
142,NA,NA,NA,NA,a,a,2002-11-07,NA,6,Death,[Death by Unknown means],NA,,
142,NA,NA,NA,NA,a,a,NA,NA,NA,,
143,Female,28 Sep 1989,69,76,RIO PRIM,1989-09-28,1048,Birth,,NA,
143,NA,NA,NA,NA,a,a,1997-12-26,NA,6,Death,[Death by Unknown means],NA,,
143,NA,NA,NA,NA,a,a,NA,NA,NA,,
144,Male,30 Sep 1989,96,95,SAO PAULO,1989-09-30,18304,Birth,,NA,
144,NA,NA,NA,NA,a,a,1991-01-27,NA,6,Death,[Death by Other /Unknown  Given to an institution SAO PAULO  Necropsy planned later],NA,,
144,NA,NA,NA,NA,a,a,NA,NA,NA,,
145,Male,7 Oct 1989,58,72,RIO PRIM,1989-10-07,1055,Birth,,NA,
145,NA,NA,NA,NA,a,a,1993-07-02,NA,6,Death,[Death by Unknown means],NA,,
145,NA,NA,NA,NA,a,a,NA,NA,NA,,
146,Female,7 Oct 1989,58,72,RIO PRIM,1989-10-07,1056,Birth,,NA,
146,NA,NA,NA,NA,SAO PAULO,1994-02-08,21431,Transfer,,NA,
146,NA,NA,NA,NA,a,a,1997-01-27,NA,6,Death,[Death by Unknown means],NA,,
146,NA,NA,NA,NA,a,a,NA,NA,NA,,
147,Male,21 Dec 1989,45,85,RIO PRIM,1989-12-21,1085,Birth,,NA,
147,NA,NA,NA,NA,a,a,1989-12-28,NA,6,Death,[Death by Unknown means],NA,,
147,NA,NA,NA,NA,a,a,NA,NA,NA,,
148,Female,21 Dec 1989,45,85,RIO PRIM,1989-12-21,1086,Birth,,NA,
148,NA,NA,NA,NA,a,a,1989-12-27,NA,6,Death,[Death by Unknown means],NA,,
148,NA,NA,NA,NA,a,a,NA,NA,NA,,
149,Male,10 Jan 1989,59,57,RIO PRIM,1989-01-10,1094,Birth,,NA,
149,NA,NA,NA,NA,a,a,1990-07-08,NA,6,Death,[Death by Unknown means],NA,,
149,NA,NA,NA,NA,a,a,NA,NA,NA,,
150,Male,24 Jan 1990,73,74,RIO PRIM,1990-01-24,1097,Birth,,NA,
150,NA,NA,NA,NA,a,a,1990-01-24,NA,6,Death,[Death by Unknown means],NA,,
150,NA,NA,NA,NA,a,a,NA,NA,NA,,
151,Female,24 Jan 1990,73,74,RIO PRIM,1990-01-24,1096,Birth,,NA,
151,NA,NA,NA,NA,a,a,1990-01-24,NA,6,Death,[Death by Unknown means],NA,,
151,NA,NA,NA,NA,a,a,NA,NA,NA,,
152,Male,13 Sep 1990,73,74,RIO PRIM,1990-09-13,1137,Birth,,NA,
152,NA,NA,NA,NA,a,a,1991-10-15,NA,6,Death,[Death by Unknown means],NA,,
152,NA,NA,NA,NA,a,a,NA,NA,NA,,
153,Male,13 Sep 1990,73,74,RIO PRIM,1990-09-13,1138,Birth,,NA,
153,NA,NA,NA,NA,a,a,1995-02-08,NA,6,Death,[Death by Unknown means],NA,,
153,NA,NA,NA,NA,a,a,NA,NA,NA,,
154,Male,7 Oct 1990,77,57,RIO PRIM,1990-10-07,1153,Birth,NICEIKE,NA,
154,NA,NA,NA,NA,FORTWORTH,1995-08-04,1214,Transfer,,NA,
154,NA,NA,NA,NA,CENTRALPK,1998-11-19,986158,Transfer,,NA,
154,NA,NA,NA,NA,NY BRONX,2000-06-01,986158,Transfer,,NA,
154,NA,NA,NA,NA,PROSPECTP,2007-08-01,986158,Transfer,,NA,
154,NA,NA,NA,NA,a,a,2008-01-16,NA,6,Death,[Death by Unknown means],NA,,
154,NA,NA,NA,NA,a,a,NA,NA,NA,,
155,Female,7 Oct 1990,77,57,RIO PRIM,1990-10-07,1154,Birth,,NA,
155,NA,NA,NA,NA,a,a,1993-06-27,NA,6,Death,[Death by Unknown means],NA,,
155,NA,NA,NA,NA,a,a,NA,NA,NA,,
156,Male,10 Oct 1990,75,72,RIO PRIM,1990-10-10,1157,Birth,,NA,
156,NA,NA,NA,NA,a,a,1990-10-12,NA,6,Death,[Death by Unknown means],NA,,
156,NA,NA,NA,NA,a,a,NA,NA,NA,,
157,Male,10 Oct 1990,75,72,RIO PRIM,1990-10-10,1158,Birth,,NA,
157,NA,NA,NA,NA,a,a,1991-07-25,NA,6,Death,[Death by Unknown means],NA,,
157,NA,NA,NA,NA,a,a,NA,NA,NA,,
158,Female,10 Oct 1990,75,72,RIO PRIM,1990-10-10,1159,Birth,,NA,
158,NA,NA,NA,NA,a,a,1992-01-22,NA,6,Death,[Death by Unknown means],NA,,
158,NA,NA,NA,NA,a,a,NA,NA,NA,,
159,Unknown,27 Oct 1990,45,85,RIO PRIM,1990-10-27,1166,Birth,,NA,
159,NA,NA,NA,NA,a,a,1990-11-20,NA,6,Death,[Death by Unknown means],NA,,
159,NA,NA,NA,NA,a,a,NA,NA,NA,,
160,Male,18 Nov 1990,130,135,RIO PRIM,1990-11-18,1183,Birth,,NA,
160,NA,NA,NA,NA,a,a,1992-02-17,NA,6,Death,[Death by Unknown means],NA,,
160,NA,NA,NA,NA,a,a,NA,NA,NA,,
161,Male,18 Nov 1990,130,135,RIO PRIM,1990-11-18,1184,Birth,,NA,
161,NA,NA,NA,NA,a,a,2001-12-13,NA,6,Death,[Death by Unknown means],NA,,
161,NA,NA,NA,NA,a,a,NA,NA,NA,,
162,Female,25 Nov 1990,69,76,RIO PRIM,1990-11-25,1189,Birth,,NA,
162,NA,NA,NA,NA,a,a,1993-01-12,NA,6,Death,[Death by Environ/Behav conditions  Unknown  Unknown (after necropsy)],NA,,
162,NA,NA,NA,NA,a,a,NA,NA,NA,,
163,Female,25 Nov 1990,69,76,RIO PRIM,1990-11-25,1190,Birth,,NA,
163,NA,NA,NA,NA,a,a,1998-09-20,NA,6,Death,[Death by Unknown means],NA,,
163,NA,NA,NA,NA,a,a,NA,NA,NA,,
164,Unknown,1 Sep 1990,106,125,JERSEY,1990-09-01,M1604,Birth,,NA,
164,NA,NA,NA,NA,a,a,1994-09-01,NA,6,Death,[Death by Premature birth  Unknown  Unknown (after necropsy)],NA,,
164,NA,NA,NA,NA,a,a,NA,NA,NA,,
165,Male,17 Feb 1991,73,74,RIO PRIM,1991-02-17,1213,Birth,,NA,
165,NA,NA,NA,NA,a,a,1998-09-20,NA,6,Death,[Death by Unknown means],NA,,
165,NA,NA,NA,NA,a,a,NA,NA,NA,,
166,Female,17 Feb 1991,73,74,RIO PRIM,1991-02-17,1214,Birth,,NA,
166,NA,NA,NA,NA,a,a,2002-02-05,NA,6,Death,[Death by Other /Unknown  Mounted or Preserved RIO PRIM  No necropsy planned],NA,,
166,NA,NA,NA,NA,a,a,NA,NA,NA,,
167,Female,28 Feb 1991,113,111,RIO PRIM,1991-02-28,1217,Birth,,NA,
167,NA,NA,NA,NA,a,a,1991-02-28,NA,6,Death,[Death by Stillbirth  Unknown  Unknown (after necropsy)],NA,,
167,NA,NA,NA,NA,a,a,NA,NA,NA,,
168,Female,15 Apr 1991,106,125,JERSEY,1991-04-15,M1671,Birth,DEVRA,NA,
168,NA,NA,NA,NA,a,a,2009-10-25,NA,6,Death,[Death by Euthanasia (medical)  Unknown  Unknown (after necropsy)],NA,,
168,NA,NA,NA,NA,a,a,NA,NA,NA,,
169,Male,15 Apr 1991,106,125,JERSEY,1991-04-15,M1672,Birth,,NA,
169,NA,NA,NA,NA,a,a,1991-04-15,NA,6,Death,[Death by Stillbirth  Unknown  Unknown (after necropsy)],NA,,
169,NA,NA,NA,NA,a,a,NA,NA,NA,,
170,Male,1990,WILD,WILD,R BONITO,1991-05-25,NA,Capture,,NA,
170,NA,NA,NA,NA,SAO PAULO,1991-05-25,19618,Transfer,,NA,
170,NA,NA,NA,NA,a,a,1998-02-26,NA,6,Death,[Death by Unknown means],NA,,
170,NA,NA,NA,NA,a,a,NA,NA,NA,,
171,Female,1990,WILD,WILD,R BONITO,1991-05-25,NA,Capture,,NA,
171,NA,NA,NA,NA,SAO PAULO,1991-05-25,19619,Transfer,,NA,
171,NA,NA,NA,NA,BAURU ZOO,2002-04-30,171,Transfer,,NA,
171,NA,NA,NA,NA,a,a,2010-01-06,NA,6,Death,[Death by Other /Unknown  Unknown  Necropsy done(no info)  Unknown after necropsy  Necropsy not received],NA,,
171,NA,NA,NA,NA,a,a,NA,NA,NA,,
172,Female,1991,170,171,R BONITO,1991-05-25,NA,Capture,,NA,
172,NA,NA,NA,NA,SAO PAULO,1991-05-25,19620,Transfer,,NA,
172,NA,NA,NA,NA,a,a,1992-07-16,NA,6,Death,[Death by Unknown means],NA,,
172,NA,NA,NA,NA,a,a,NA,NA,NA,,
173,Male,12 Jun 1991,84,105,JERSEY,1991-06-12,M1707,Birth,,NA,
173,NA,NA,NA,NA,a,a,1991-06-12,NA,6,Death,[Death by Stillbirth  Unknown  Unknown (after necropsy)],NA,,
173,NA,NA,NA,NA,a,a,NA,NA,NA,,
174,Female,12 Jun 1991,84,105,JERSEY,1991-06-12,M1708,Birth,,NA,
174,NA,NA,NA,NA,MAGDEBURG,1995-01-19,281001,Transfer,,NA,
174,NA,NA,NA,NA,a,a,1999-12-07,NA,6,Death,[Death by Other /Unknown  Unknown  Digestive  Rickettsial],NA,,
174,NA,NA,NA,NA,a,a,NA,NA,NA,,
175,Male,12 Sep 1991,73,74,RIO PRIM,1991-09-12,1246,Birth,,NA,
175,NA,NA,NA,NA,a,a,1991-09-13,NA,6,Death,[Death by Unknown means],NA,,
175,NA,NA,NA,NA,a,a,NA,NA,NA,,
176,Female,12 Sep 1991,73,74,RIO PRIM,1991-09-12,1247,Birth,,NA,
176,NA,NA,NA,NA,a,a,1991-09-13,NA,6,Death,[Death by Unknown means],NA,,
176,NA,NA,NA,NA,a,a,NA,NA,NA,,
177,Male,22 Sep 1991,77,57,RIO PRIM,1991-09-22,1252,Birth,,NA,
177,NA,NA,NA,NA,a,a,1993-04-27,NA,6,Death,[Death by Unknown means],NA,,
177,NA,NA,NA,NA,a,a,NA,NA,NA,,
178,Female,22 Sep 1991,77,57,RIO PRIM,1991-09-22,1253,Birth,,NA,
178,NA,NA,NA,NA,a,a,1995-02-22,NA,6,Death,[Death by Unknown means],NA,,
178,NA,NA,NA,NA,a,a,NA,NA,NA,,
179,Male,25 Sep 1991,106,125,JERSEY,1991-09-25,M1744,Birth,,NA,
179,NA,NA,NA,NA,a,a,1991-09-25,NA,6,Death,[Death by Stillbirth  Unknown  Unknown (after necropsy)],NA,,
179,NA,NA,NA,NA,a,a,NA,NA,NA,,
180,Male,27 Sep 1991,96,91,SAO PAULO,1991-09-27,19775,Birth,,NA,
180,NA,NA,NA,NA,BAURU ZOO,1995-08-22,NA,Transfer,,NA,
180,NA,NA,NA,NA,a,a,2009-06-29,NA,6,Death,[Death by Other /Unknown  Unknown  Necropsy done(no info)  Unknown after necropsy  Necropsy not received],NA,,
180,NA,NA,NA,NA,a,a,NA,NA,NA,,
181,Female,27 Sep 1991,96,91,SAO PAULO,1991-09-27,19776,Birth,,NA,
181,NA,NA,NA,NA,a,a,1992-04-30,NA,6,Death,[Death by Unknown means],NA,,
181,NA,NA,NA,NA,a,a,NA,NA,NA,,
182,Male,25 Oct 1991,131,138,RIO PRIM,1991-10-25,1277,Birth,,NA,
182,NA,NA,NA,NA,a,a,1991-11-27,NA,6,Death,[Death by Unknown means],NA,,
182,NA,NA,NA,NA,a,a,NA,NA,NA,,
183,Male,29 Oct 1991,75,72,RIO PRIM,1991-10-29,1282,Birth,,NA,
183,NA,NA,NA,NA,a,a,1991-10-29,NA,6,Death,[Death by Unknown means],NA,,
183,NA,NA,NA,NA,a,a,NA,NA,NA,,
184,Male,29 Oct 1991,75,72,RIO PRIM,1991-10-29,1283,Birth,,NA,
184,NA,NA,NA,NA,a,a,1991-10-29,NA,6,Death,[Death by Stillbirth  Unknown  Unknown (after necropsy)],NA,,
184,NA,NA,NA,NA,a,a,NA,NA,NA,,
185,Female,29 Oct 1991,77,72,RIO PRIM,1991-10-29,1284,Birth,,NA,
185,NA,NA,NA,NA,a,a,1991-10-29,NA,6,Death,[Death by Stillbirth  Unknown  Unknown (after necropsy)],NA,,
185,NA,NA,NA,NA,a,a,NA,NA,NA,,
186,Male,3 Nov 1991,113,111,RIO PRIM,1991-11-03,1292,Birth,,NA,
186,NA,NA,NA,NA,a,a,1991-11-03,NA,6,Death,[Death by Stillbirth  Unknown  Unknown (after necropsy)],NA,,
186,NA,NA,NA,NA,a,a,NA,NA,NA,,
187,Male,3 Nov 1991,113,111,RIO PRIM,1991-11-03,1293,Birth,,NA,
187,NA,NA,NA,NA,a,a,1991-11-03,NA,6,Death,[Death by Stillbirth  Unknown  Unknown (after necropsy)],NA,,
187,NA,NA,NA,NA,a,a,NA,NA,NA,,
188,Male,1 Dec 1991,132,89,SAO PAULO,1991-12-01,19896,Birth,,NA,
188,NA,NA,NA,NA,KREFELD,1995-05-03,854,Transfer,,NA,
188,NA,NA,NA,NA,a,a,2007-12-06,NA,6,Death,[Death by Euthanasia (medical)  Given to an institution VETINSTKR  Cardiovascular  Metabolism],NA,,
188,NA,NA,NA,NA,a,a,NA,NA,NA,,
189,Male,1 Dec 1991,132,89,SAO PAULO,1991-12-01,19897,Birth,AMOS,NA,
189,NA,NA,NA,NA,RIO PRIM,1994-02-06,1462,Transfer,,NA,
189,NA,NA,NA,NA,JERSEY,1994-07-12,M2039,Transfer,,NA,
189,NA,NA,NA,NA,a,a,2007-06-23,NA,6,Death,[Death by Other /Unknown  Unknown  Necropsy planned later],NA,,
189,NA,NA,NA,NA,a,a,NA,NA,NA,,
190,Male,13 Jan 1992,73,74,RIO PRIM,1992-01-13,1313,Birth,,NA,
190,NA,NA,NA,NA,a,a,1993-04-27,NA,6,Death,[Death by Unknown means],NA,,
190,NA,NA,NA,NA,a,a,NA,NA,NA,,
191,Female,13 Jan 1992,73,74,RIO PRIM,1992-01-13,1314,Birth,,NA,
191,NA,NA,NA,NA,a,a,1998-12-03,NA,6,Death,[Death by Unknown means],NA,,
191,NA,NA,NA,NA,a,a,NA,NA,NA,,
192,Female,24 Jan 1992,130,135,RIO PRIM,1992-01-24,1309,Birth,,NA,
192,NA,NA,NA,NA,a,a,1992-11-24,NA,6,Death,[Death by Unknown means],NA,,
192,NA,NA,NA,NA,a,a,NA,NA,NA,,
193,Male,28 Feb 1992,106,125,JERSEY,1992-02-28,M1794,Birth,LAURY,NA,
193,NA,NA,NA,NA,MAGDEBURG,1995-01-19,281002,Transfer,,NA,
193,NA,NA,NA,NA,a,a,2003-12-18,NA,6,Death,[Death by Unknown means],NA,,
193,NA,NA,NA,NA,a,a,NA,NA,NA,,
194,Male,28 Feb 1992,106,125,JERSEY,1992-02-28,M1795,Birth,CLAUDIO,NA,
194,NA,NA,NA,NA,ADELAIDE,1995-10-12,950401,Transfer,,NA,
194,NA,NA,NA,NA,a,a,2010-11-04,NA,6,Death,[Death by Euthanasia (medical)  Unknown  Unknown (after necropsy)],NA,,
194,NA,NA,NA,NA,a,a,NA,NA,NA,,
195,Male,9 Jun 1992,84,105,JERSEY,1992-06-09,M1829,Birth,PINON,NA,
195,NA,NA,NA,NA,a,a,2009-12-19,NA,6,Death,[Death by Euthanasia (medical)  Unknown  Unknown (after necropsy)],NA,,
195,NA,NA,NA,NA,a,a,NA,NA,NA,,
196,Female,9 Jun 1992,84,105,JERSEY,1992-06-09,M1830,Birth,,NA,
196,NA,NA,NA,NA,ADELAIDE,1995-10-12,950403,Transfer,,NA,
196,NA,NA,NA,NA,a,a,2006-09-03,NA,6,Death,[Death by Other /Unknown  Unknown  Necropsy planned later],NA,,
196,NA,NA,NA,NA,a,a,NA,NA,NA,,
197,Male,28 Jul 1992,106,125,JERSEY,1992-07-28,M1846,Birth,,NA,
197,NA,NA,NA,NA,a,a,1992-07-28,NA,6,Death,[Death by Stillbirth  Unknown  No necropsy planned],NA,,
197,NA,NA,NA,NA,a,a,NA,NA,NA,,
198,Female,28 Jul 1992,106,125,JERSEY,1992-07-28,M1847,Birth,,NA,
198,NA,NA,NA,NA,ADELAIDE,1995-10-12,950404,Transfer,,NA,
198,NA,NA,NA,NA,a,a,2011-11-16,NA,6,Death,[Death by Euthanasia (medical)  Unknown  Unknown (after necropsy)],NA,,
198,NA,NA,NA,NA,a,a,NA,NA,NA,,
199,Male,6 Sep 1992,124,76,RIO PRIM,1992-09-06,1339,Birth,,NA,
199,NA,NA,NA,NA,a,a,1992-09-29,NA,6,Death,[Death by Unknown means],NA,,
199,NA,NA,NA,NA,a,a,NA,NA,NA,,
200,Female,6 Sep 1992,124,76,RIO PRIM,1992-09-06,1340,Birth,TENILLE,NA,
200,NA,NA,NA,NA,FORTWORTH,1995-08-04,1216,Transfer,,NA,
200,NA,NA,NA,NA,CENTRALPK,1998-11-19,986159,Transfer,,NA,
200,NA,NA,NA,NA,NY BRONX,1998-12-18,986159,Transfer,,NA,
200,NA,NA,NA,NA,a,a,2005-11-18,NA,6,Death,[Death by Unknown means],NA,,
200,NA,NA,NA,NA,a,a,NA,NA,NA,,
201,Male,14 Sep 1992,73,74,RIO PRIM,1992-09-14,1347,Birth,,NA,
201,NA,NA,NA,NA,a,a,1993-04-26,NA,6,Death,[Death by Unknown means],NA,,
201,NA,NA,NA,NA,a,a,NA,NA,NA,,
202,Male,14 Sep 1992,73,74,RIO PRIM,1992-09-14,1348,Birth,,NA,
202,NA,NA,NA,NA,a,a,2000-02-25,NA,6,Death,[Death by Unknown means],NA,,
202,NA,NA,NA,NA,a,a,NA,NA,NA,,
203,Male,28 Sep 1992,132,89,SAO PAULO,1992-09-28,20387,Birth,,NA,
203,NA,NA,NA,NA,SOROCABA,1995-08-17,NA,Transfer,,NA,
203,NA,NA,NA,NA,a,a,1996-03-06,NA,6,Death,[Death by Unknown means],NA,,
203,NA,NA,NA,NA,a,a,NA,NA,NA,,
204,Female,28 Sep 1992,132,89,SAO PAULO,1992-09-28,20388,Birth,,NA,
204,NA,NA,NA,NA,BAURU ZOO,1995-08-22,NA,Transfer,,NA,
204,NA,NA,NA,NA,a,a,1998-01-01,NA,6,Death,[Death by Unknown means],NA,,
204,NA,NA,NA,NA,a,a,NA,NA,NA,,
205,Male,23 Oct 1992,130,135,RIO PRIM,1992-10-23,1365,Birth,,NA,
205,NA,NA,NA,NA,a,a,1992-12-15,NA,6,Death,[Death by Unknown means],NA,,
205,NA,NA,NA,NA,a,a,NA,NA,NA,,
206,Female,23 Oct 1992,130,135,RIO PRIM,1992-10-23,1366,Birth,,NA,
206,NA,NA,NA,NA,a,a,1992-12-23,NA,6,Death,[Death by Unknown means],NA,,
206,NA,NA,NA,NA,a,a,NA,NA,NA,,
207,Male,3 Nov 1992,124,162,RIO PRIM,1992-11-03,1372,Birth,,NA,
207,NA,NA,NA,NA,SAO PAULO,1994-02-08,21430,Transfer,,NA,
207,NA,NA,NA,NA,SAO CARLOS,2004-03-16,207,Transfer,,NA,
207,NA,NA,NA,NA,SAO CARLOS,2006-03-19,NA,Death,,NA,[Death by Unknown means],
207,NA,NA,NA,NA,a,a,NA,NA,NA,,
208,Female,3 Nov 1992,124,162,RIO PRIM,1992-11-03,1373,Birth,,NA,
208,NA,NA,NA,NA,a,a,1995-12-18,NA,6,Death,[Death by Unknown means],NA,,
208,NA,NA,NA,NA,a,a,NA,NA,NA,,
209,Male,30 Nov 1992,118,146,RIO PRIM,1992-11-30,1378,Birth,DIAMANTE,NA,
209,NA,NA,NA,NA,SAO PAULO,1994-02-08,21432,Transfer,,NA,
209,NA,NA,NA,NA,BRASILIA,1994-10-27,1381,Transfer,,NA,
209,NA,NA,NA,NA,a,a,2002-09-10,NA,6,Death,[Death by Other /Unknown  Mounted or Preserved BRASILIA  Digestive  Trauma],NA,,
209,NA,NA,NA,NA,a,a,NA,NA,NA,,
210,Female,30 Nov 1992,118,146,RIO PRIM,1992-11-30,1379,Birth,,NA,
210,NA,NA,NA,NA,a,a,1992-12-07,NA,6,Death,[Death by Unknown means],NA,,
210,NA,NA,NA,NA,a,a,NA,NA,NA,,
211,Female,14 Dec 1992,96,91,SAO PAULO,1992-12-14,20528,Birth,CRISTAL,NA,
211,NA,NA,NA,NA,BRASILIA,1994-10-27,1382,Transfer,,NA,
211,NA,NA,NA,NA,SAO PAULO,2003-08-15,211,Transfer,,NA,
211,NA,NA,NA,NA,a,a,2005-02-15,NA,6,Death,[Death by Other /Unknown  Unknown  Generalized  Unknown after necropsy],NA,,
211,NA,NA,NA,NA,a,a,NA,NA,NA,,
212,Male,23 Dec 1992,145,155,RIO PRIM,1992-12-23,1382,Birth,,NA,
212,NA,NA,NA,NA,a,a,1992-12-24,NA,6,Death,[Death by Unknown means],NA,,
212,NA,NA,NA,NA,a,a,NA,NA,NA,,
213,Female,23 Dec 1992,145,155,RIO PRIM,1992-12-23,1383,Birth,,NA,
213,NA,NA,NA,NA,a,a,1992-12-25,NA,6,Death,[Death by Unknown means],NA,,
213,NA,NA,NA,NA,a,a,NA,NA,NA,,
214,Female,27 Dec 1992,126,92,SAO PAULO,1992-12-27,20532,Birth,,NA,
214,NA,NA,NA,NA,KREFELD,1995-05-03,855,Transfer,,NA,
214,NA,NA,NA,NA,a,a,2008-07-28,NA,6,Death,[Death by Euthanasia (medical)  Given to an institution VETINSTKR  Urinary  Metabolism],NA,,
214,NA,NA,NA,NA,a,a,NA,NA,NA,,
215,Male,12 Feb 1993,106,125,JERSEY,1993-02-12,M1890,Birth,,NA,
215,NA,NA,NA,NA,BELFAST,1997-09-04,2904,Transfer,,NA,
216,Female,12 Feb 1993,106,125,JERSEY,1993-02-12,M1891,Birth,,NA,
216,NA,NA,NA,NA,a,a,1993-02-15,NA,6,Death,[Death by Unknown means],NA,,
216,NA,NA,NA,NA,a,a,NA,NA,NA,,
217,Female,4 Mar 1993,84,105,JERSEY,1993-03-04,M1893,Birth,,NA,
217,NA,NA,NA,NA,BELFAST,1997-09-04,2905,Transfer,,NA,
218,Male,5 Mar 1993,73,74,RIO PRIM,1993-03-05,1402,Birth,,NA,
218,NA,NA,NA,NA,a,a,1993-05-14,NA,6,Death,[Death by Unknown means],NA,,
218,NA,NA,NA,NA,a,a,NA,NA,NA,,
219,Male,12 Jul 1993,106,125,JERSEY,1993-07-12,M1934,Birth,,NA,
219,NA,NA,NA,NA,BELFAST,1997-09-04,2907,Transfer,,NA,
219,NA,NA,NA,NA,a,a,2001-07-16,NA,6,Death,[Death by Other /Unknown  Incinerate   Unknown (after necropsy)],NA,,
219,NA,NA,NA,NA,a,a,NA,NA,NA,,
220,Female,12 Jul 1993,106,125,JERSEY,1993-07-12,M1935,Birth,TELVA,NA,
221,Unknown,4 Oct 1993,96,91,SAO PAULO,1993-10-04,20896,Birth,,NA,
221,NA,NA,NA,NA,a,a,1993-10-09,NA,6,Death,[Death by Unknown means],NA,,
221,NA,NA,NA,NA,a,a,NA,NA,NA,,
222,Male,4 Oct 1993,75,95,SAO PAULO,1993-10-04,20897,Birth,,NA,
222,NA,NA,NA,NA,a,a,2002-04-10,NA,6,Death,[Death by Other /Unknown  Unknown  Generalized  Nutrition],NA,,
222,NA,NA,NA,NA,a,a,NA,NA,NA,,
223,Male,5 Oct 1993,96,91,SAO PAULO,1993-10-05,20898,Birth,,NA,
223,NA,NA,NA,NA,a,a,2001-06-10,NA,6,Death,[Death by Other /Unknown  Mounted or Preserved SAO PAULO  Generalized Circulatory,NA,,
223,NA,NA,NA,NA,a,a,NA,NA,NA, secondary],
224,Female,5 Oct 1993,96,91,SAO PAULO,1993-10-05,20899,Birth,,NA,
224,NA,NA,NA,NA,SOROCABA,1995-08-17,NA,Transfer,,NA,
224,NA,NA,NA,NA,a,a,1996-03-09,NA,6,Death,[Death by Unknown means],NA,,
224,NA,NA,NA,NA,a,a,NA,NA,NA,,
225,Unknown,7 Oct 1993,132,89,SAO PAULO,1993-10-07,20900,Birth,,NA,
225,NA,NA,NA,NA,a,a,1993-10-07,NA,6,Death,[Death by Unknown means],NA,,
225,NA,NA,NA,NA,a,a,NA,NA,NA,,
226,Unknown,7 Oct 1993,132,89,SAO PAULO,1993-10-07,20901,Birth,,NA,
226,NA,NA,NA,NA,a,a,1993-10-07,NA,6,Death,[Death by Unknown means],NA,,
226,NA,NA,NA,NA,a,a,NA,NA,NA,,
227,Male,1 Nov 1993,124,76,RIO PRIM,1993-11-01,1435,Birth,,NA,
227,NA,NA,NA,NA,a,a,1994-02-04,NA,6,Death,[Death by Unknown means],NA,,
227,NA,NA,NA,NA,a,a,NA,NA,NA,,
228,Female,1 Nov 1993,124,76,RIO PRIM,1993-11-01,1436,Birth,,NA,
228,NA,NA,NA,NA,a,a,1993-11-21,NA,6,Death,[Death by Unknown means],NA,,
228,NA,NA,NA,NA,a,a,NA,NA,NA,,
229,Female,1 Dec 1993,71,143,RIO PRIM,1993-12-01,1442,Birth,,NA,
229,NA,NA,NA,NA,a,a,1999-08-28,NA,6,Death,[Death by Unknown means],NA,,
229,NA,NA,NA,NA,a,a,NA,NA,NA,,
230,Female,1 Dec 1993,71,143,RIO PRIM,1993-12-01,1443,Birth,,NA,
230,NA,NA,NA,NA,a,a,2005-06-15,NA,6,Death,[Death by Unknown means],NA,,
230,NA,NA,NA,NA,a,a,NA,NA,NA,,
231,Male,28 Dec 1993,118,146,RIO PRIM,1993-12-28,1449,Birth,,NA,
231,NA,NA,NA,NA,a,a,1993-12-28,NA,6,Death,[Death by Unknown means],NA,,
231,NA,NA,NA,NA,a,a,NA,NA,NA,,
232,Female,28 Dec 1993,118,146,RIO PRIM,1993-12-28,1450,Birth,,NA,
232,NA,NA,NA,NA,a,a,1993-12-31,NA,6,Death,[Death by Unknown means],NA,,
232,NA,NA,NA,NA,a,a,NA,NA,NA,,
233,Female,16 Jan 1994,84,105,JERSEY,1994-01-16,M1989,Birth,DIANA,NA,
233,NA,NA,NA,NA,RIO PRIM,1999-07-03,1925,Transfer,,NA,
233,NA,NA,NA,NA,a,a,2002-12-04,NA,6,Death,[Death by Unknown means],NA,,
233,NA,NA,NA,NA,a,a,NA,NA,NA,,
234,Unknown,12 Feb 1994,106,125,JERSEY,1994-02-12,M1997,Birth,,NA,
234,NA,NA,NA,NA,a,a,1994-02-12,NA,6,Death,[Death by Unknown means],NA,,
234,NA,NA,NA,NA,a,a,NA,NA,NA,,
235,Unknown,12 Feb 1994,106,125,JERSEY,1994-02-12,1998,Birth,,NA,
235,NA,NA,NA,NA,a,a,1994-02-12,NA,6,Death,[Death by Unknown means],NA,,
235,NA,NA,NA,NA,a,a,NA,NA,NA,,
236,Female,22 Mar 1994,165,163,RIO PRIM,1994-03-22,1473,Birth,,NA,
236,NA,NA,NA,NA,a,a,2000-03-28,NA,6,Death,[Death by Unknown means],NA,,
236,NA,NA,NA,NA,a,a,NA,NA,NA,,
237,Female,1 Sep 1994,106,125,JERSEY,1994-09-01,M2055,Birth,YARA,NA,
237,NA,NA,NA,NA,BRISTOL,1999-03-11,2770,Transfer,,NA,
237,NA,NA,NA,NA,a,a,2011-03-15,NA,6,Death,[Death by Euthanasia (medical)  Unknown  Unknown (after necropsy)],NA,,
237,NA,NA,NA,NA,a,a,NA,NA,NA,,
238,Unknown,1 Sep 1994,106,125,JERSEY,1994-09-01,2056,Birth,,NA,
238,NA,NA,NA,NA,a,a,1994-09-01,NA,6,Death,[Death by Unknown means],NA,,
238,NA,NA,NA,NA,a,a,NA,NA,NA,,
239,Male,2 Sep 1994,118,146,SAO PAULO,1994-09-02,21647,Birth,,NA,
239,NA,NA,NA,NA,a,a,2003-09-28,NA,6,Death,[Death by Unknown means],NA,,
239,NA,NA,NA,NA,a,a,NA,NA,NA,,
240,Female,2 Sep 1994,118,146,SAO PAULO,1994-09-02,21648,Birth,,NA,
240,NA,NA,NA,NA,a,a,2005-02-05,NA,6,Death,[Death by Unknown means],NA,,
240,NA,NA,NA,NA,a,a,NA,NA,NA,,
241,Female,29 Sep 1994,73,178,RIO PRIM,1994-09-29,1505,Birth,,NA,
241,NA,NA,NA,NA,a,a,1996-12-20,NA,6,Death,[Death by Unknown means],NA,,
241,NA,NA,NA,NA,a,a,NA,NA,NA,,
242,Female,29 Sep 1994,73,178,RIO PRIM,1994-09-29,1506,Birth,,NA,
242,NA,NA,NA,NA,a,a,1994-10-05,NA,6,Death,[Death by Unknown means],NA,,
242,NA,NA,NA,NA,a,a,NA,NA,NA,,
243,Female,4 Oct 1994,96,91,SAO PAULO,1994-10-04,21713,Birth,,NA,
243,NA,NA,NA,NA,a,a,2002-06-26,NA,6,Death,[Death by Other /Unknown  Unknown  Generalized  Nutrition],NA,,
243,NA,NA,NA,NA,a,a,NA,NA,NA,,
244,Unknown,5 Oct 1994,75,95,SAO PAULO,1994-10-05,21714,Birth,,NA,
244,NA,NA,NA,NA,a,a,1994-10-05,NA,6,Death,[Death by Stillbirth  Unknown  No necropsy planned],NA,,
244,NA,NA,NA,NA,a,a,NA,NA,NA,,
245,Unknown,5 Oct 1994,75,95,SAO PAULO,1994-10-05,21715,Birth,,NA,
245,NA,NA,NA,NA,a,a,1994-10-05,NA,6,Death,[Death by Stillbirth  Unknown  No necropsy planned],NA,,
245,NA,NA,NA,NA,a,a,NA,NA,NA,,
246,Female,18 Oct 1994,165,163,RIO PRIM,1994-10-18,1513,Birth,,NA,
246,NA,NA,NA,NA,a,a,2001-01-04,NA,6,Death,[Death by Other /Unknown  Unknown  Respiratory  Unknown after necropsy],NA,,
246,NA,NA,NA,NA,a,a,NA,NA,NA,,
247,Male,18 Oct 1994,165,163,RIO PRIM,1994-10-18,1514,Birth,,NA,
247,NA,NA,NA,NA,a,a,1995-07-11,NA,6,Death,[Death by Unknown means],NA,,
247,NA,NA,NA,NA,a,a,NA,NA,NA,,
248,Male,17 Nov 1994,130,191,RIO PRIM,1994-11-17,1522,Birth,,NA,
248,NA,NA,NA,NA,a,a,2004-08-25,NA,6,Death,[Death by Infection associated  Unknown  Urinary Circulatory,NA,,
248,NA,NA,NA,NA,a,a,NA,NA,NA, secondary],
249,Female,17 Nov 1994,130,191,RIO PRIM,1994-11-17,1523,Birth,,NA,
249,NA,NA,NA,NA,a,a,1994-11-18,NA,6,Death,[Death by Unknown means],NA,,
249,NA,NA,NA,NA,a,a,NA,NA,NA,,
250,Female,24 Dec 1994,77,208,RIO PRIM,1994-12-24,1531,Birth,,NA,
250,NA,NA,NA,NA,a,a,1994-12-24,NA,6,Death,[Death by Unknown means],NA,,
250,NA,NA,NA,NA,a,a,NA,NA,NA,,
251,Male,24 Dec 1994,77,208,RIO PRIM,1994-12-24,1532,Birth,,NA,
251,NA,NA,NA,NA,a,a,2000-12-20,NA,6,Death,[Death by Unknown means],NA,,
251,NA,NA,NA,NA,a,a,NA,NA,NA,,
252,Female,3 Feb 1995,118,146,SAO PAULO,1995-02-03,21848,Birth,,NA,
252,NA,NA,NA,NA,a,a,1995-02-03,NA,6,Death,[Death by Unknown means],NA,,
252,NA,NA,NA,NA,a,a,NA,NA,NA,,
253,Male,3 Feb 1995,118,146,SAO PAULO,1995-02-03,21849,Birth,,NA,
253,NA,NA,NA,NA,a,a,1995-02-20,NA,6,Death,[Death by Unknown means],NA,,
253,NA,NA,NA,NA,a,a,NA,NA,NA,,
254,Female,11 Feb 1995,84,105,JERSEY,1995-02-11,M2093,Birth,CASSIE,NA,
254,NA,NA,NA,NA,BELFAST,1997-09-04,2906,Transfer,,NA,
254,NA,NA,NA,NA,CHESTER,2006-09-08,C06584,Transfer,,NA,
254,NA,NA,NA,NA,a,a,2007-06-04,NA,6,Death,[Death by Injury from exhibit mate  Unknown  Generalized  Trauma],NA,,
254,NA,NA,NA,NA,a,a,NA,NA,NA,,
255,Unknown,11 Feb 1995,84,105,JERSEY,1995-02-11,M2094,Birth,,NA,
255,NA,NA,NA,NA,a,a,1995-02-25,NA,6,Death,[Death by Unknown means],NA,,
255,NA,NA,NA,NA,a,a,NA,NA,NA,,
256,Male,19 Mar 1995,106,125,JERSEY,1995-03-19,M2107,Birth,FERNANDO,NA,
256,NA,NA,NA,NA,a,a,2012-10-22,NA,6,Death,[Death by Euthanasia (medical)  Unknown  Necropsy planned later  Unknown after necropsy],NA,,
256,NA,NA,NA,NA,a,a,NA,NA,NA,,
257,Unknown,19 Mar 1995,106,125,JERSEY,1995-03-19,M2108,Birth,,NA,
257,NA,NA,NA,NA,a,a,1995-03-19,NA,6,Death,[Death by Stillbirth  Unknown  No necropsy planned],NA,,
257,NA,NA,NA,NA,a,a,NA,NA,NA,,
258,Male,18 Jun 1995,193,174,MAGDEBURG,1995-06-18,184003,Birth,,NA,
258,NA,NA,NA,NA,a,a,2014-02-20,NA,6,Death,[Death by Other /Unknown  Unknown  Necropsy done(no info)  Unknown after necropsy  Necropsy received],NA,,
258,NA,NA,NA,NA,a,a,NA,NA,NA,,
259,Male,18 Jun 1995,193,174,MAGDEBURG,1995-06-18,281004,Birth,,NA,
259,NA,NA,NA,NA,a,a,1996-04-05,NA,6,Death,[Death by Unknown means],NA,,
259,NA,NA,NA,NA,a,a,NA,NA,NA,,
260,Male,15 Jul 1995,84,105,JERSEY,1995-07-15,M2146,Birth,MARCO,NA,
260,NA,NA,NA,NA,RIO PRIM,1999-07-13,NA,Transfer,,NA,
260,NA,NA,NA,NA,WILD,1999-08-07,NA,Release,,NA,
260,NA,NA,NA,NA,a,a,1999-11-30,NA,6,Death,[Death by Unknown means],NA,,
260,NA,NA,NA,NA,a,a,NA,NA,NA,,
261,Female,15 Jul 1995,84,105,JERSEY,1995-07-15,M2147,Birth,INEZ,NA,
261,NA,NA,NA,NA,LA PALMYR,2008-12-22,NA,Transfer,,NA,
261,NA,NA,NA,NA,a,a,2009-05-22,NA,6,Death,[Death by Infection associated  Incinerate   Digestive  Mechanical abnormality],NA,,
261,NA,NA,NA,NA,a,a,NA,NA,NA,,
262,Unknown,25 Jul 1995,106,125,JERSEY,1995-07-25,M2153,Birth,,NA,
262,NA,NA,NA,NA,a,a,1995-07-25,NA,6,Death,[Death by Stillbirth  Unknown  No necropsy planned],NA,,
262,NA,NA,NA,NA,a,a,NA,NA,NA,,
263,Male,30 Aug 1995,165,163,RIO PRIM,1995-08-30,1588,Birth,,NA,
263,NA,NA,NA,NA,SAO CARLOS,2004-06-10,263,Transfer,,NA,
263,NA,NA,NA,NA,SAO PAULO,2004-07-20,28548,Transfer,,NA,
264,Male,30 Aug 1995,165,163,RIO PRIM,1995-08-30,1589,Birth,,NA,
264,NA,NA,NA,NA,a,a,2005-06-28,NA,6,Death,[Death by Unknown means],NA,,
264,NA,NA,NA,NA,a,a,NA,NA,NA,,
265,Male,17 Sep 1995,130,191,RIO PRIM,1995-09-17,1594,Birth,,NA,
265,NA,NA,NA,NA,a,a,1995-09-17,NA,6,Death,[Death by Injury from exhibit mate  Unknown  No necropsy planned],NA,,
265,NA,NA,NA,NA,a,a,NA,NA,NA,,
266,Female,17 Sep 1995,130,191,RIO PRIM,1995-09-17,1595,Birth,,NA,
266,NA,NA,NA,NA,SAO CARLOS,2004-06-10,266,Transfer,,NA,
266,NA,NA,NA,NA,SAO PAULO,2004-07-20,28579,Transfer,,NA,
266,NA,NA,NA,NA,a,a,2011-04-06,NA,6,Death,[Death by Euthanasia (medical)  Unknown  No necropsy planned],NA,,
266,NA,NA,NA,NA,a,a,NA,NA,NA,,
267,Female,15 Sep 1995,130,191,RIO PRIM,1995-09-15,1596,Birth,,NA,
267,NA,NA,NA,NA,SAO CARLOS,2004-06-10,267,Transfer,,NA,
267,NA,NA,NA,NA,SAO PAULO,2004-07-01,28580,Transfer,,NA,
267,NA,NA,NA,NA,a,a,2011-12-13,NA,6,Death,[Death by Unknown means],NA,,
267,NA,NA,NA,NA,a,a,NA,NA,NA,,
268,Male,26 Sep 1995,UNKNOWN,146,SAO PAULO,1995-09-26,22109,Birth,,NA,
268,NA,NA,NA,NA,a,a,2010-10-31,NA,6,Death,[Death by Unknown means],NA,,
268,NA,NA,NA,NA,a,a,NA,NA,NA,,
269,Unknown,26 Sep 1995,118,146,SAO PAULO,1995-09-26,21107,Birth,,NA,
269,NA,NA,NA,NA,a,a,1995-09-26,NA,6,Death,[Death by Stillbirth  Unknown  No necropsy planned],NA,,
269,NA,NA,NA,NA,a,a,NA,NA,NA,,
270,Unknown,26 Sep 1995,118,146,SAO PAULO,1995-09-26,22108,Birth,,NA,
270,NA,NA,NA,NA,a,a,1995-10-13,NA,6,Death,[Death by Unknown means],NA,,
270,NA,NA,NA,NA,a,a,NA,NA,NA,,
271,Unknown,20 Oct 1995,96,91,SAO PAULO,1995-10-20,22164,Birth,,NA,
271,NA,NA,NA,NA,a,a,1998-02-19,NA,6,Death,[Death by Unknown means],NA,,
271,NA,NA,NA,NA,a,a,NA,NA,NA,,
272,Unknown,23 Oct 1995,45,127,SAO PAULO,1995-10-23,22167,Birth,,NA,
272,NA,NA,NA,NA,a,a,1995-10-23,NA,6,Death,[Death by Stillbirth  Unknown  No necropsy planned],NA,,
272,NA,NA,NA,NA,a,a,NA,NA,NA,,
273,Female,24 Oct 1995,209,211,BRASILIA,1995-10-24,1488,Birth,PRETINHA,NA,
273,NA,NA,NA,NA,a,a,2002-09-11,NA,6,Death,[Death by Other /Unknown  Mounted or Preserved BRASILIA  Digestive  Trauma],NA,,
273,NA,NA,NA,NA,a,a,NA,NA,NA,,
274,Male,24 Oct 1995,209,211,BRASILIA,1995-10-24,1487,Birth,,NA,
274,NA,NA,NA,NA,a,a,1996-05-25,NA,6,Death,[Death by Environ/Behav conditions  Mounted or Preserved BRASILIA  Necropsy planned later  Unknown after necropsy],NA,,
274,NA,NA,NA,NA,a,a,NA,NA,NA,,
275,Unknown,17 Nov 1995,203,224,SOROCABA,1995-11-17,NA,Birth,,NA,
275,NA,NA,NA,NA,a,a,1996-03-06,NA,6,Death,[Death by Injury from predator  Rendered  Unknown (after necropsy)],NA,,
275,NA,NA,NA,NA,a,a,NA,NA,NA,,
276,Male,11 Dec 1995,77,208,RIO PRIM,1995-12-11,1625,Birth,,NA,
276,NA,NA,NA,NA,a,a,1995-12-21,NA,6,Death,[Death by Unknown means],NA,,
276,NA,NA,NA,NA,a,a,NA,NA,NA,,
277,Male,18 Dec 1995,75,95,SAO PAULO,1995-12-18,22343,Birth,,NA,
277,NA,NA,NA,NA,a,a,1996-02-24,NA,6,Death,[Death by Unknown means],NA,,
277,NA,NA,NA,NA,a,a,NA,NA,NA,,
278,Female,4 Oct 1994,96,91,SAO PAULO,1994-10-04,21712,Birth,,NA,
278,NA,NA,NA,NA,a,a,1996-01-01,21712,3,Transfer,NA,,
278,NA,NA,NA,NA,a,a,2004-01-28,NA,6,Death,[Death by Infection associated  Unknown  Digestive  Protozoan],NA,,
278,NA,NA,NA,NA,a,a,NA,NA,NA,,
279,Male,14 Jan 1996,165,163,RIO PRIM,1996-01-14,1630,Birth,,NA,
279,NA,NA,NA,NA,a,a,1998-09-13,NA,6,Death,[Death by Unknown means],NA,,
279,NA,NA,NA,NA,a,a,NA,NA,NA,,
280,Female,14 Jan 1996,165,163,RIO PRIM,1996-01-14,1631,Birth,,NA,
280,NA,NA,NA,NA,a,a,2002-03-13,NA,6,Death,[Death by Unknown means],NA,,
280,NA,NA,NA,NA,a,a,NA,NA,NA,,
281,Male,20 Feb 1996,106,125,JERSEY,1996-02-20,M2214,Birth,,NA,
281,NA,NA,NA,NA,BRISTOL,1999-03-11,2769,Transfer,,NA,
281,NA,NA,NA,NA,a,a,2007-04-22,NA,6,Death,[Death by Other /Unknown  Given to an institution EDINBURGH MUSEUM  Unknown (after necropsy)],NA,,
281,NA,NA,NA,NA,a,a,NA,NA,NA,,
282,Unknown,20 Feb 1996,106,125,JERSEY,1996-02-20,M2215,Birth,,NA,
282,NA,NA,NA,NA,a,a,1996-02-23,NA,6,Death,[Death by Unknown means],NA,,
282,NA,NA,NA,NA,a,a,NA,NA,NA,,
283,Female,12 Apr 1996,193,174,MAGDEBURG,1996-04-12,184005,Birth,,NA,
283,NA,NA,NA,NA,a,a,2012-05-04,NA,6,Death,[Death by Euthanasia (medical)  Incinerate   Unknown (after necropsy)],NA,,
283,NA,NA,NA,NA,a,a,NA,NA,NA,,
284,Male,12 Apr 1996,193,174,MAGDEBURG,1996-04-12,184006,Birth,,NA,
284,NA,NA,NA,NA,a,a,2008-09-09,NA,6,Death,[Death by Euthanasia (medical)  Incinerate   Unknown (after necropsy)],NA,,
284,NA,NA,NA,NA,a,a,NA,NA,NA,,
285,Male,16 Sep 1996,165,163,RIO PRIM,1996-09-16,1694,Birth,,NA,
285,NA,NA,NA,NA,a,a,1998-09-21,NA,6,Death,[Death by Unknown means],NA,,
285,NA,NA,NA,NA,a,a,NA,NA,NA,,
286,Male,16 Sep 1996,165,163,RIO PRIM,1996-09-16,1695,Birth,,NA,
286,NA,NA,NA,NA,a,a,1998-09-18,NA,6,Death,[Death by Unknown means],NA,,
286,NA,NA,NA,NA,a,a,NA,NA,NA,,
287,Unknown,27 Sep 1996,209,211,BRASILIA,1996-09-27,NA,Birth,,NA,
287,NA,NA,NA,NA,a,a,1996-09-27,NA,6,Death,[Death by Premature birth  Unknown  Unknown (after necropsy)],NA,,
287,NA,NA,NA,NA,a,a,NA,NA,NA,,
288,Unknown,27 Sep 1996,209,211,BRASILIA,1996-09-27,NA,Birth,,NA,
288,NA,NA,NA,NA,a,a,1996-09-27,NA,6,Death,[Death by Premature birth  Unknown  Unknown (after necropsy)],NA,,
288,NA,NA,NA,NA,a,a,NA,NA,NA,,
289,Unknown,27 Sep 1996,209,211,BRASILIA,1996-09-27,NA,Birth,,NA,
289,NA,NA,NA,NA,a,a,1996-09-27,NA,6,Death,[Death by Premature birth  Unknown  Unknown (after necropsy)],NA,,
289,NA,NA,NA,NA,a,a,NA,NA,NA,,
290,Unknown,12 Dec 1996,96,91,SAO PAULO,1996-12-12,22880,Birth,,NA,
290,NA,NA,NA,NA,a,a,1997-03-28,NA,6,Death,[Death by Unknown means],NA,,
290,NA,NA,NA,NA,a,a,NA,NA,NA,,
291,Male,19 Dec 1996,118,146,SAO PAULO,1996-12-19,22882,Birth,,NA,
291,NA,NA,NA,NA,a,a,1997-02-20,NA,6,Death,[Death by Unknown means],NA,,
291,NA,NA,NA,NA,a,a,NA,NA,NA,,
292,Male,21 Dec 1996,194,196,ADELAIDE,1996-12-21,960513,Birth,,NA,
292,NA,NA,NA,NA,a,a,2011-11-15,NA,6,Death,[Death by Euthanasia (medical)  Unknown  Unknown (after necropsy)],NA,,
292,NA,NA,NA,NA,a,a,NA,NA,NA,,
293,Male,1997,WILD,WILD,WILD,1999-07-01,NA,Capture,,NA,
293,NA,NA,NA,NA,RIO PRIM,1999-07-01,1926,Transfer,,NA,
293,NA,NA,NA,NA,SAO CARLOS,2004-06-10,293,Transfer,,NA,
293,NA,NA,NA,NA,SAO PAULO,2004-07-20,28549,Transfer,,NA,
293,NA,NA,NA,NA,a,a,2007-09-14,NA,6,Death,[Death by Euthanasia (medical)  Unknown  Generalized  Unknown after necropsy],NA,,
293,NA,NA,NA,NA,a,a,NA,NA,NA,,
294,Male,9 Jan 1997,195,220,JERSEY,1997-01-09,M2308,Birth,EPI,NA,
294,NA,NA,NA,NA,BRISTOL,2007-09-13,9830,Transfer,,NA,
294,NA,NA,NA,NA,a,a,2011-01-13,NA,6,Death,[Death by Euthanasia (medical)  Unknown  Unknown (after necropsy)],NA,,
294,NA,NA,NA,NA,a,a,NA,NA,NA,,
295,Male,9 Jan 1997,195,220,JERSEY,1997-01-09,M2309,Birth,BLAS,NA,
295,NA,NA,NA,NA,a,a,2006-05-05,NA,6,Death,[Death by Other /Unknown  Unknown  Necropsy planned later],NA,,
295,NA,NA,NA,NA,a,a,NA,NA,NA,,
296,Female,29 Jan 1997,165,163,RIO PRIM,1997-01-29,1735,Birth,,NA,
296,NA,NA,NA,NA,a,a,1998-02-18,NA,6,Death,[Death by Unknown means],NA,,
296,NA,NA,NA,NA,a,a,NA,NA,NA,,
297,Male,29 Jan 1997,165,163,RIO PRIM,1997-01-29,1736,Birth,,NA,
297,NA,NA,NA,NA,a,a,1998-09-18,NA,6,Death,[Death by Unknown means],NA,,
297,NA,NA,NA,NA,a,a,NA,NA,NA,,
298,Female,29 Jan 1997,165,163,RIO PRIM,1997-01-29,1737,Birth,,NA,
298,NA,NA,NA,NA,a,a,1997-03-13,NA,6,Death,[Death by Injury from predator  Unknown  Unknown (after necropsy)],NA,,
298,NA,NA,NA,NA,a,a,NA,NA,NA,,
299,Female,11 Feb 1997,106,125,JERSEY,1997-02-11,M2320,Birth,LEONIE,NA,
299,NA,NA,NA,NA,LISBON,2007-06-27,10170,Transfer,,NA,
299,NA,NA,NA,NA,a,a,2011-07-07,NA,6,Death,[Death by Unknown means],NA,,
299,NA,NA,NA,NA,a,a,NA,NA,NA,,
300,Male,2 Apr 1997,84,105,JERSEY,1997-04-02,M2332,Birth,LEONARDO,NA,
300,NA,NA,NA,NA,RIO PRIM,1999-07-03,NA,Transfer,,NA,
300,NA,NA,NA,NA,a,a,1999-07-13,NA,6,Death,[Death by Unknown means],NA,,
300,NA,NA,NA,NA,a,a,NA,NA,NA,,
301,Female,2 Apr 1997,84,105,JERSEY,1997-04-02,M2333,Birth,1924,NA,
301,NA,NA,NA,NA,RIO PRIM,1999-07-03,1924,Transfer,,NA,
301,NA,NA,NA,NA,a,a,2009-01-24,NA,6,Death,[Death by Unknown means],NA,,
301,NA,NA,NA,NA,a,a,NA,NA,NA,,
302,Female,18 May 1997,193,174,MAGDEBURG,1997-05-18,184007,Birth,MAGDA,NA,
302,NA,NA,NA,NA,JERSEY,2007-09-04,M2982,Transfer,,NA,
302,NA,NA,NA,NA,a,a,2010-09-24,NA,6,Death,[Death by Euthanasia (medical)  Unknown  Necropsy planned later  Unknown after necropsy],NA,,
302,NA,NA,NA,NA,a,a,NA,NA,NA,,
303,Unknown,8 Jul 1997,195,220,JERSEY,1997-07-08,M2365,Birth,,NA,
303,NA,NA,NA,NA,a,a,1997-07-08,NA,6,Death,[Death by Stillbirth  Unknown  No necropsy planned],NA,,
303,NA,NA,NA,NA,a,a,NA,NA,NA,,
304,Unknown,8 Jul 1997,195,220,JERSEY,1997-07-08,M2366,Birth,,NA,
304,NA,NA,NA,NA,a,a,1997-07-08,NA,6,Death,[Death by Stillbirth  Unknown  Unknown (after necropsy)],NA,,
304,NA,NA,NA,NA,a,a,NA,NA,NA,,
305,Male,8 Aug 1997,106,125,JERSEY,1997-08-08,M2380,Birth,VANDALAI,NA,
305,NA,NA,NA,NA,CHESTER,2006-11-17,C06826,Transfer,,NA,
305,NA,NA,NA,NA,a,a,2013-09-07,NA,6,Death,[Death by Other /Unknown  Unknown  Necropsy done(no info)  Unknown after necropsy  Necropsy received],NA,,
305,NA,NA,NA,NA,a,a,NA,NA,NA,,
306,Female,8 Aug 1997,106,125,JERSEY,1997-08-08,M2381,Birth,ROXANNE,NA,
306,NA,NA,NA,NA,a,a,2012-08-14,NA,6,Death,[Death by Unknown means],NA,,
306,NA,NA,NA,NA,a,a,NA,NA,NA,,
307,Male,26 Aug 1997,45,127,SAO PAULO,1997-08-26,23397,Birth,,NA,
307,NA,NA,NA,NA,a,a,1997-08-29,NA,6,Death,[Death by Unknown means],NA,,
307,NA,NA,NA,NA,a,a,NA,NA,NA,,
308,Male,8 Sep 1997,248,229,RIO PRIM,1997-09-08,1810,Birth,,NA,
308,NA,NA,NA,NA,a,a,2003-12-04,NA,6,Death,[Death by SelfNAinflicted injuries  Mounted or Preserved 1557  Respiratory  Trauma],NA,,
308,NA,NA,NA,NA,a,a,NA,NA,NA,,
309,Female,8 Sep 1997,248,229,RIO PRIM,1997-09-08,1811,Birth,,NA,
309,NA,NA,NA,NA,a,a,2000-08-30,NA,6,Death,[Death by Unknown means],NA,,
309,NA,NA,NA,NA,a,a,NA,NA,NA,,
310,Female,10 Sep 1997,165,163,RIO PRIM,1997-09-10,1812,Birth,,NA,
310,NA,NA,NA,NA,a,a,1998-09-20,NA,6,Death,[Death by Unknown means],NA,,
310,NA,NA,NA,NA,a,a,NA,NA,NA,,
311,Female,10 Sep 1997,165,163,RIO PRIM,1997-09-10,1813,Birth,,NA,
311,NA,NA,NA,NA,a,a,1998-09-14,NA,6,Death,[Death by Unknown means],NA,,
311,NA,NA,NA,NA,a,a,NA,NA,NA,,
312,Male,11 Oct 1997,71,143,RIO PRIM,1997-10-11,1821,Birth,,NA,
313,Male,11 Oct 1997,71,143,RIO PRIM,1997-10-11,1820,Birth,,NA,
313,NA,NA,NA,NA,a,a,1997-10-12,NA,6,Death,[Death by Malicious destruction  Unknown  Unknown (after necropsy)],NA,,
313,NA,NA,NA,NA,a,a,NA,NA,NA,,
314,Female,15 Nov 1997,202,236,RIO PRIM,1997-11-15,1831,Birth,,NA,
314,NA,NA,NA,NA,a,a,2003-09-25,NA,6,Death,[Death by Other /Unknown  Mounted or Preserved 1551  Unknown (after necropsy)],NA,,
314,NA,NA,NA,NA,a,a,NA,NA,NA,,
315,Female,15 Nov 1997,202,236,RIO PRIM,1997-11-15,1832,Birth,,NA,
315,NA,NA,NA,NA,a,a,2002-12-01,NA,6,Death,[Death by Other /Unknown  Mounted or Preserved RIO PRIM  No necropsy planned],NA,,
315,NA,NA,NA,NA,a,a,NA,NA,NA,,
316,Male,27 Dec 1997,251,266,RIO PRIM,1997-12-27,1837,Birth,,NA,
316,NA,NA,NA,NA,a,a,1999-09-14,NA,6,Death,[Death by Unknown means],NA,,
316,NA,NA,NA,NA,a,a,NA,NA,NA,,
317,Male,27 Dec 1997,251,266,RIO PRIM,1997-12-27,1838,Birth,,NA,
317,NA,NA,NA,NA,SAO CARLOS,2004-06-10,317,Transfer,,NA,
317,NA,NA,NA,NA,SAO PAULO,2004-07-20,28568,Transfer,,NA,
317,NA,NA,NA,NA,a,a,2005-02-10,NA,6,Death,[Death by Unknown means],NA,,
317,NA,NA,NA,NA,a,a,NA,NA,NA,,
318,Female,30 Dec 1997,84,105,JERSEY,1997-12-30,M2403,Birth,EVA ,NA,
318,NA,NA,NA,NA,RIO PRIM,1999-07-03,1923__,Transfer,,NA,
318,NA,NA,NA,NA,a,a,2002-10-22,NA,6,Death,[Death by Unknown means],NA,,
318,NA,NA,NA,NA,a,a,NA,NA,NA,,
319,Female,30 Dec 1997,84,105,JERSEY,1997-12-30,M2404,Birth,,NA,
319,NA,NA,NA,NA,a,a,1997-12-30,NA,6,Death,[Death by Unknown means],NA,,
319,NA,NA,NA,NA,a,a,NA,NA,NA,,
320,Male,28 Jan 1998,215,254,BELFAST,1998-01-28,3060,Birth,,NA,
320,NA,NA,NA,NA,a,a,1998-01-31,NA,6,Death,[Death by Other /Unknown  Incinerate   Unknown (after necropsy)],NA,,
320,NA,NA,NA,NA,a,a,NA,NA,NA,,
321,Male,28 Jan 1998,215,254,BELFAST,1998-01-28,3061,Birth,,NA,
321,NA,NA,NA,NA,a,a,1998-01-31,NA,6,Death,[Death by Other /Unknown  Incinerate   Unknown (after necropsy)],NA,,
321,NA,NA,NA,NA,a,a,NA,NA,NA,,
322,Unknown,6 Apr 1998,193,174,MAGDEBURG,1998-04-06,281009,Birth,,NA,
322,NA,NA,NA,NA,a,a,1998-04-09,NA,6,Death,[Death by Injury from exhibit mate Bury  No necropsy planned],NA,,
322,NA,NA,NA,NA,a,a,NA,NA,NA,,
323,Female,6 Apr 1998,193,174,MAGDEBURG,1998-04-06,184010,Birth,,NA,
323,NA,NA,NA,NA,a,a,2007-10-11,NA,6,Death,[Death by Euthanasia (medical)  Incinerate   Generalized  Bacterial],NA,,
323,NA,NA,NA,NA,a,a,NA,NA,NA,,
324,Female,14 Apr 1998,219,217,BELFAST,1998-04-14,3122,Birth,,NA,
324,NA,NA,NA,NA,a,a,2002-05-01,NA,6,Death,[Death by Unknown means],NA,,
324,NA,NA,NA,NA,a,a,NA,NA,NA,,
325,Male,14 Apr 1998,219,217,BELFAST,1998-04-14,3123,Birth,,NA,
325,NA,NA,NA,NA,a,a,1998-04-14,NA,6,Death,[Death by Stillbirth  Incinerate   Unknown (after necropsy)],NA,,
325,NA,NA,NA,NA,a,a,NA,NA,NA,,
326,Male,20 Apr 1998,106,125,JERSEY,1998-04-20,M2435,Birth,,NA,
326,NA,NA,NA,NA,a,a,2006-03-04,NA,6,Death,[Death by Unknown means],NA,,
326,NA,NA,NA,NA,a,a,NA,NA,NA,,
327,Male,20 Apr 1998,106,125,JERSEY,1998-04-20,M2436,Birth,ARCHIE,NA,
327,NA,NA,NA,NA,a,a,2013-05-17,NA,6,Death,[Death by Infection associated  Mounted or Preserved  Generalized  Unknown after necropsy  Necropsy received],NA,,
327,NA,NA,NA,NA,a,a,NA,NA,NA,,
328,Female,11 Aug 1998,195,220,JERSEY,1998-08-11,M2460,Birth,COCO,NA,
328,NA,NA,NA,NA,MAGDEBURG,2007-09-06,184014,Transfer,,NA,
328,NA,NA,NA,NA,a,a,2007-11-19,NA,6,Death,[Death by Euthanasia (medical)  Incinerate   Digestive  Nutrition],NA,,
328,NA,NA,NA,NA,a,a,NA,NA,NA,,
329,Male,28 Sep 1998,202,236,RIO PRIM,1998-09-28,1869,Birth,,NA,
329,NA,NA,NA,NA,a,a,2001-05-18,NA,6,Death,[Death by Infection associated  Unknown  Respiratory  Unknown after necropsy],NA,,
329,NA,NA,NA,NA,a,a,NA,NA,NA,,
330,Female,28 Sep 1998,202,236,RIO PRIM,1998-09-28,1870,Birth,,NA,
330,NA,NA,NA,NA,a,a,2002-10-30,NA,6,Death,[Death by Other /Unknown  Mounted or Preserved RIO PRIM  No necropsy planned],NA,,
330,NA,NA,NA,NA,a,a,NA,NA,NA,,
331,Male,15 Nov 1998,215,254,BELFAST,1998-11-15,3366,Birth,,NA,
331,NA,NA,NA,NA,a,a,1998-11-15,NA,6,Death,[Death by Stillbirth  Incinerate   Unknown (after necropsy)],NA,,
331,NA,NA,NA,NA,a,a,NA,NA,NA,,
332,Male,15 Nov 1998,215,254,BELFAST,1998-11-15,3367,Birth,STICKY,NA,
332,NA,NA,NA,NA,JERSEY,2011-10-20,M3179,Transfer,,NA,
333,Male,15 Nov 1998,215,254,BELFAST,1998-11-15,3368,Birth,ERIC,NA,
333,NA,NA,NA,NA,KREFELD,2007-11-20,1839__,Transfer,,NA,
333,NA,NA,NA,NA,MAGDEBURG,2008-11-03,184017,Transfer,,NA,
334,Male,17 Nov 1998,251,266,RIO PRIM,1998-11-17,1879,Birth,,NA,
334,NA,NA,NA,NA,a,a,2005-06-28,NA,6,Death,[Death by Unknown means],NA,,
334,NA,NA,NA,NA,a,a,NA,NA,NA,,
335,Male,17 Nov 1998,251,266,RIO PRIM,1998-11-17,1880,Birth,,NA,
335,NA,NA,NA,NA,M DIABO,2000-09-15,NA,Release,,NA,
335,NA,NA,NA,NA,M DIABO,2001-03-01,NA,Death,,NA,[Death by Injury from predator  Incinerate   Unknown (after necropsy)],
335,NA,NA,NA,NA,a,a,NA,NA,NA,,
336,Female,18 Dec 1998,71,280,RIO PRIM,1998-12-18,1886,Birth,,NA,
336,NA,NA,NA,NA,a,a,1999-09-26,NA,6,Death,[Death by Unknown means],NA,,
336,NA,NA,NA,NA,a,a,NA,NA,NA,,
337,Female,18 Dec 1998,71,280,RIO PRIM,1998-12-18,1885,Birth,,NA,
337,NA,NA,NA,NA,a,a,2002-12-01,NA,6,Death,[Death by Unknown means],NA,,
337,NA,NA,NA,NA,a,a,NA,NA,NA,,
338,Unknown,23 Jan 1999,248,229,RIO PRIM,1999-01-23,1899,Birth,,NA,
338,NA,NA,NA,NA,a,a,1999-01-23,NA,6,Death,[Death by Unknown means],NA,,
338,NA,NA,NA,NA,a,a,NA,NA,NA,,
339,Female,23 Jan 1999,248,229,RIO PRIM,1999-01-23,1898,Birth,,NA,
339,NA,NA,NA,NA,a,a,2005-06-28,NA,6,Death,[Death by Unknown means],NA,,
339,NA,NA,NA,NA,a,a,NA,NA,NA,,
340,Unknown,7 Feb 1999,193,174,MAGDEBURG,1999-02-07,281101,Birth,,NA,
340,NA,NA,NA,NA,a,a,1999-02-07,NA,6,Death,[Death by Unknown means],NA,,
340,NA,NA,NA,NA,a,a,NA,NA,NA,,
341,Unknown,7 Feb 1999,193,174,MAGDEBURG,1999-02-07,211012,Birth,,NA,
341,NA,NA,NA,NA,a,a,1999-02-11,NA,6,Death,[Death by Unknown means],NA,,
341,NA,NA,NA,NA,a,a,NA,NA,NA,,
342,Unknown,5 Apr 1999,195,220,JERSEY,1999-04-05,M2519,Birth,,NA,
342,NA,NA,NA,NA,a,a,1999-04-05,NA,6,Death,[Death by Unknown means],NA,,
342,NA,NA,NA,NA,a,a,NA,NA,NA,,
343,Unknown,21 Apr 1999,106,125,JERSEY,1999-04-21,M2529,Birth,,NA,
343,NA,NA,NA,NA,a,a,1999-04-21,NA,6,Death,[Death by Unknown means],NA,,
343,NA,NA,NA,NA,a,a,NA,NA,NA,,
344,Unknown,21 Apr 1999,106,125,JERSEY,1999-04-21,M2530,Birth,,NA,
344,NA,NA,NA,NA,a,a,1999-04-21,NA,6,Death,[Death by Unknown means],NA,,
344,NA,NA,NA,NA,a,a,NA,NA,NA,,
345,Female,22 Jul 1999,193,174,MAGDEBURG,1999-07-22,184013,Birth,,NA,
345,NA,NA,NA,NA,KREFELD,2007-11-01,1838__,Transfer,,NA,
345,NA,NA,NA,NA,a,a,2008-09-26,NA,6,Death,[Death by Infection associated  Given to an institution VETINSTKR  Respiratory  Bacterial],NA,,
345,NA,NA,NA,NA,a,a,NA,NA,NA,,
346,Male,23 Jul 1999,222,127,SAO PAULO,1999-07-23,24568,Birth,,NA,
346,NA,NA,NA,NA,a,a,1999-07-25,NA,6,Death,[Death by Unknown means],NA,,
346,NA,NA,NA,NA,a,a,NA,NA,NA,,
347,Female,23 Jul 1999,222,127,SAO PAULO,1999-07-23,24569,Birth,,NA,
347,NA,NA,NA,NA,a,a,1999-07-25,NA,6,Death,[Death by Unknown means],NA,,
347,NA,NA,NA,NA,a,a,NA,NA,NA,,
348,Female,16 Aug 1999,195,220,JERSEY,1999-08-16,M2556,Birth,TAVO,NA,
348,NA,NA,NA,NA,MAGDEBURG,2008-09-09,184016,Transfer,,NA,
349,Female,16 Aug 1999,195,220,JERSEY,1999-08-16,M2557,Birth,TRIQUI,NA,
350,Unknown,19 Aug 1999,75,240,SAO PAULO,1999-08-19,24611,Birth,,NA,
350,NA,NA,NA,NA,a,a,1999-08-19,NA,6,Death,[Death by Stillbirth  Unknown  Unknown (after necropsy)],NA,,
350,NA,NA,NA,NA,a,a,NA,NA,NA,,
351,Female,14 Sep 1999,223,240,SAO PAULO,1999-09-14,24637,Birth,,NA,
351,NA,NA,NA,NA,a,a,2002-03-13,NA,6,Death,[Death by Other /Unknown  Unknown  Generalized  Viral],NA,,
351,NA,NA,NA,NA,a,a,NA,NA,NA,,
352,Female,30 Sep 1999,251,266,RIO PRIM,1999-09-30,1930,Birth,,NA,
352,NA,NA,NA,NA,SAO CARLOS,2004-06-10,352,Transfer,,NA,
353,Male,11 Oct 1999,209,211,BRASILIA,1999-10-11,1719,Birth,tupi,NA,
353,NA,NA,NA,NA,a,a,2002-07-02,NA,6,Death,[Death by Other /Unknown  Mounted or Preserved BRASILIA  Digestive  Trauma],NA,,
353,NA,NA,NA,NA,a,a,NA,NA,NA,,
354,Female,11 Oct 1999,209,211,BRASILIA,1999-10-11,1720,Birth,CAJA,NA,
354,NA,NA,NA,NA,SAO PAULO,2006-08-24,29312,Transfer,,NA,
354,NA,NA,NA,NA,a,a,2008-11-16,NA,6,Death,[Death by Unknown means],NA,,
354,NA,NA,NA,NA,a,a,NA,NA,NA,,
355,Female,15 Oct 1999,239,370,SAO PAULO,1999-10-15,24676,Birth,,NA,
355,NA,NA,NA,NA,SOROCABA,2006-08-10,355,Transfer,,NA,
355,NA,NA,NA,NA,a,a,2012-07-30,NA,6,Death,[Death by Unknown means],NA,,
355,NA,NA,NA,NA,a,a,NA,NA,NA,,
356,Unknown,16 Oct 1999,268,278,SAO PAULO,1999-10-16,24678,Birth,,NA,
356,NA,NA,NA,NA,a,a,1999-10-16,NA,6,Death,[Death by Stillbirth  Unknown  Unknown (after necropsy)],NA,,
356,NA,NA,NA,NA,a,a,NA,NA,NA,,
357,Male,15 Nov 1999,71,280,RIO PRIM,1999-11-15,1933,Birth,,NA,
357,NA,NA,NA,NA,M DIABO,2000-09-15,NA,Release,,NA,
357,NA,NA,NA,NA,a,a,2005-06-23,NA,6,Death,[Death by Other /Unknown  Incinerate   Unknown (after necropsy)],NA,,
357,NA,NA,NA,NA,a,a,NA,NA,NA,,
358,Male,7 Dec 1999,222,127,SAO PAULO,1999-12-07,24778,Birth,,NA,
358,NA,NA,NA,NA,a,a,2005-02-18,NA,6,Death,[Death by Unknown means],NA,,
358,NA,NA,NA,NA,a,a,NA,NA,NA,,
359,Unknown,15 Dec 1999,268,278,SAO PAULO,1999-12-15,24790,Birth,,NA,
359,NA,NA,NA,NA,a,a,1999-12-15,NA,6,Death,[Death by Unknown means],NA,,
359,NA,NA,NA,NA,a,a,NA,NA,NA,,
360,Unknown,15 Dec 1999,268,278,SAO PAULO,1999-12-15,24791,Birth,,NA,
360,NA,NA,NA,NA,a,a,1999-12-15,NA,6,Death,[Death by Unknown means],NA,,
360,NA,NA,NA,NA,a,a,NA,NA,NA,,
363,Female,11 Oct 2000,209,211,BRASILIA,2000-10-11,1769,Birth,LUANA,NA,
363,NA,NA,NA,NA,a,a,2011-07-26,NA,6,Death,[Death by Unknown means],NA,,
363,NA,NA,NA,NA,a,a,NA,NA,NA,,
364,Female,11 Oct 2000,209,211,BRASILIA,2000-10-11,1771,Birth,JAVIER,NA,
364,NA,NA,NA,NA,a,a,2004-02-20,NA,6,Death,[Death by Infection associated  Mounted or Preserved  Digestive  Bacterial],NA,,
364,NA,NA,NA,NA,a,a,NA,NA,NA,,
365,Male,8 Nov 2000,308,246,RIO PRIM,2000-11-08,1994,Birth,,NA,
365,NA,NA,NA,NA,a,a,2001-01-12,NA,6,Death,[Death by Environ/Behav conditions  Unknown  Unknown (after necropsy)],NA,,
365,NA,NA,NA,NA,a,a,NA,NA,NA,,
366,Female,8 Nov 2000,308,246,RIO PRIM,2000-11-08,1995,Birth,,NA,
367,Male,14 Nov 2000,71,280,RIO PRIM,2000-11-14,1996,Birth,,NA,
367,NA,NA,NA,NA,a,a,2013-02-07,NA,6,Death,[Death by Other /Unknown  Unknown  Necropsy done(no info)  Unknown after necropsy  Necropsy not received],NA,,
367,NA,NA,NA,NA,a,a,NA,NA,NA,,
368,Male,14 Nov 2000,71,280,RIO PRIM,2000-11-14,1997,Birth,,NA,
368,NA,NA,NA,NA,a,a,2002-10-27,NA,6,Death,[Death by Unknown means],NA,,
368,NA,NA,NA,NA,a,a,NA,NA,NA,,
369,Male,22 Sep 1997,96,91,SAO PAULO,1997-09-22,23445,Birth,,NA,
369,NA,NA,NA,NA,a,a,2004-12-06,NA,6,Death,[Death by Other /Unknown  Unknown  Musculoskeletal  Trauma],NA,,
369,NA,NA,NA,NA,a,a,NA,NA,NA,,
370,Female,16 Dec 1997,96,91,SAO PAULO,1997-12-16,23446,Birth,,NA,
370,NA,NA,NA,NA,a,a,2002-11-28,NA,6,Death,[Death by Infection associated  Unknown Reproductive  Bacterial],NA,,
370,NA,NA,NA,NA,a,a,NA,NA,NA,,
371,Male,17 Dec 1998,195,220,JERSEY,1998-12-17,M2459,Birth,ELMO,NA,
371,NA,NA,NA,NA,a,a,2009-07-03,NA,6,Death,[Death by Anesth/Restraint assoc  Unknown  Necropsy planned later  Unknown after necropsy],NA,,
371,NA,NA,NA,NA,a,a,NA,NA,NA,,
372,Male,17 Dec 1998,195,220,JERSEY,1998-12-17,M2459,Birth,ELMO,NA,
372,NA,NA,NA,NA,a,a,2005-06-26,NA,6,Death,[Death by Unknown means],NA,,
372,NA,NA,NA,NA,a,a,NA,NA,NA,,
373,Female,18 Oct 1999,239,370,SAO PAULO,1999-10-18,24676,Birth,,NA,
373,NA,NA,NA,NA,a,a,1999-10-18,NA,6,Death,[Death by Unknown means],NA,,
373,NA,NA,NA,NA,a,a,NA,NA,NA,,
374,Male,15 Oct 1999,239,370,SAO PAULO,1999-10-15,24677,Birth,,NA,
374,NA,NA,NA,NA,a,a,2004-03-11,NA,6,Death,[Death by Other /Unknown  Unknown  Generalized  Toxicity],NA,,
374,NA,NA,NA,NA,a,a,NA,NA,NA,,
375,Female,16 May 2000,219,217,BELFAST,2000-05-16,3802,Birth,,NA,
375,NA,NA,NA,NA,a,a,2008-10-07,NA,6,Death,[Death by Euthanasia (medical)  Given to an institution  Unknown (after necropsy)],NA,,
375,NA,NA,NA,NA,a,a,NA,NA,NA,,
376,Unknown,27 Sep 2000,223,240,SAO PAULO,2000-09-27,25181,Birth,,NA,
376,NA,NA,NA,NA,a,a,2000-09-27,NA,6,Death,[Death by Stillbirth  Unknown  No necropsy planned],NA,,
376,NA,NA,NA,NA,a,a,NA,NA,NA,,
377,Male,1 Oct 2000,75,171,SAO PAULO,2000-10-01,25200,Birth,,NA,
377,NA,NA,NA,NA,BRASILIA,2006-08-31,377,Transfer,,NA,
377,NA,NA,NA,NA,a,a,2009-05-15,NA,6,Death,[Death by Unknown means],NA,,
377,NA,NA,NA,NA,a,a,NA,NA,NA,,
378,Male,27 Dec 2000,222,127,SAO PAULO,2000-12-27,25350,Birth,,NA,
378,NA,NA,NA,NA,a,a,2000-12-28,NA,6,Death,[Death by Unknown means],NA,,
378,NA,NA,NA,NA,a,a,NA,NA,NA,,
379,Male,27 Dec 2000,222,127,SAO PAULO,2000-12-27,25351,Birth,,NA,
379,NA,NA,NA,NA,BRASILIA,2003-08-18,379,Transfer,,NA,
379,NA,NA,NA,NA,a,a,2004-02-14,NA,6,Death,[Death by Infection associated  Mounted or Preserved BRASILIA  Digestive  Bacterial],NA,,
379,NA,NA,NA,NA,a,a,NA,NA,NA,,
380,Unknown,14 Mar 2001,215,254,BELFAST,2001-03-14,3968,Birth,,NA,
380,NA,NA,NA,NA,a,a,2001-03-18,NA,6,Death,[Death by Unknown means],NA,,
380,NA,NA,NA,NA,a,a,NA,NA,NA,,
381,Unknown,24 Jul 2001,215,254,BELFAST,2001-07-24,4090,Birth,,NA,
381,NA,NA,NA,NA,a,a,2001-07-27,NA,6,Death,[Death by Unknown means],NA,,
381,NA,NA,NA,NA,a,a,NA,NA,NA,,
382,Male,24 Aug 2001,222,127,SAO PAULO,2001-08-24,26110,Birth,,NA,
382,NA,NA,NA,NA,a,a,2001-08-24,NA,6,Death,[Death by Stillbirth  Unknown  Generalized Circulatory,NA,,
382,NA,NA,NA,NA,a,a,NA,NA,NA, secondary],
383,Female,24 Aug 2001,222,127,SAO PAULO,2001-08-24,26111,Birth,,NA,
383,NA,NA,NA,NA,a,a,2001-08-24,NA,6,Death,[Death by Stillbirth  Unknown  Generalized Circulatory,NA,,
383,NA,NA,NA,NA,a,a,NA,NA,NA, secondary],
384,Male,31 Oct 2001,308,337,RIO PRIM,2001-10-31,2034,Birth,,NA,
385,Male,31 Oct 2001,308,337,RIO PRIM,2001-10-31,2035,Birth,,NA,
385,NA,NA,NA,NA,SAO PAULO,2008-02-14,29697,Transfer,,NA,
386,Male,31 Oct 2001,71,280,RIO PRIM,2001-10-31,2037,Birth,,NA,
386,NA,NA,NA,NA,SAO CARLOS,2008-01-16,F399,Transfer,,NA,
387,Male,31 Oct 2001,71,280,RIO PRIM,2001-10-31,2038,Birth,,NA,
388,Unknown,28 Dec 2001,215,254,BELFAST,2001-12-28,4153,Birth,,NA,
388,NA,NA,NA,NA,a,a,2001-12-29,NA,6,Death,[Death by Injury from exhibit mate  Incinerate   Unknown (after necropsy)],NA,,
388,NA,NA,NA,NA,a,a,NA,NA,NA,,
389,Male,1 Jan 2002,UNKNOWN,127,SAO PAULO,2002-01-01,27081,Birth,,NA,
389,NA,NA,NA,NA,a,a,2002-01-01,NA,6,Death,[Death by Other /Unknown  Unknown  Generalized  Nutrition],NA,,
389,NA,NA,NA,NA,a,a,NA,NA,NA,,
390,Male,1 Jan 2002,UNKNOWN,127,SAO PAULO,2002-01-01,27082,Birth,,NA,
390,NA,NA,NA,NA,a,a,2002-01-02,NA,6,Death,[Death by Other /Unknown  Unknown  Generalized  Trauma],NA,,
390,NA,NA,NA,NA,a,a,NA,NA,NA,,
391,Male,12 Jan 2002,239,370,SAO PAULO,2002-01-12,27097,Birth,,NA,
391,NA,NA,NA,NA,SAO CARLOS,2004-03-16,391,Transfer,,NA,
392,Male,12 Jan 2002,239,370,SAO PAULO,2002-01-12,27098,Birth,,NA,
393,Unknown,5 Feb 2002,106,UNKNOWN,JERSEY,2002-02-05,NA,Birth,,NA,
393,NA,NA,NA,NA,a,a,2002-02-05,NA,6,Death,[Death by Unknown means],NA,,
393,NA,NA,NA,NA,a,a,NA,NA,NA,,
394,Female,27 Feb 2002,195,220,JERSEY,2002-02-27,NA,Birth,,NA,
394,NA,NA,NA,NA,a,a,2002-04-07,NA,6,Death,[Death by Unknown means],NA,,
394,NA,NA,NA,NA,a,a,NA,NA,NA,,
395,Male,2 Jun 2002,215,254,BELFAST,2002-06-02,5021,Birth,,NA,
395,NA,NA,NA,NA,a,a,2002-06-03,NA,6,Death,[Death by Other /Unknown  Unknown  Respiratory  Mechanical abnormality],NA,,
395,NA,NA,NA,NA,a,a,NA,NA,NA,,
396,Unknown,2 Jun 2002,215,254,BELFAST,2002-06-02,5022,Birth,,NA,
396,NA,NA,NA,NA,a,a,2002-06-04,NA,6,Death,[Death by Unknown means],NA,,
396,NA,NA,NA,NA,a,a,NA,NA,NA,,
397,Female,19 Aug 2002,195,220,JERSEY,2002-08-19,M2771,Birth,BERTHA,NA,
397,NA,NA,NA,NA,CHESTER,2008-09-22,C08579,Transfer,,NA,
397,NA,NA,NA,NA,JERSEY,2014-02-26,M2771,Loan to,,NA,
398,Female,19 Aug 2002,195,220,JERSEY,2002-08-19,M2772,Birth,ERNIE,NA,
399,Female,19 Sep 2002,308,337,RIO PRIM,2002-09-19,2078,Birth,,NA,
399,NA,NA,NA,NA,SAO CARLOS,2004-06-10,F399,Transfer,,NA,
400,Female,19 Sep 2002,308,337,RIO PRIM,2002-09-19,2079,Birth,,NA,
401,Unknown,4 Oct 2002,207,240,SAO PAULO,2002-10-04,27764,Birth,,NA,
401,NA,NA,NA,NA,a,a,2011-02-25,NA,6,Death,[Death by Stillbirth  Unknown  No necropsy planned],NA,,
401,NA,NA,NA,NA,a,a,NA,NA,NA,,
402,Unknown,4 Oct 2002,207,240,SAO PAULO,2002-10-04,27765,Birth,,NA,
402,NA,NA,NA,NA,a,a,2002-10-04,NA,6,Death,[Death by Stillbirth  Unknown  No necropsy planned],NA,,
402,NA,NA,NA,NA,a,a,NA,NA,NA,,
403,Unknown,30 Oct 2002,264,330,RIO PRIM,2002-10-30,2092,Birth,,NA,
403,NA,NA,NA,NA,a,a,2002-10-30,NA,6,Death,[Death by Stillbirth  Mounted or Preserved RIO PRIM  No necropsy planned],NA,,
403,NA,NA,NA,NA,a,a,NA,NA,NA,,
404,Unknown,4 Nov 2002,215,254,BELFAST,2002-11-04,5095,Birth,,NA,
404,NA,NA,NA,NA,a,a,2002-11-05,NA,6,Death,[Death by Unknown means],NA,,
404,NA,NA,NA,NA,a,a,NA,NA,NA,,
405,Unknown,4 Nov 2002,215,254,BELFAST,2002-11-04,5096,Birth,,NA,
405,NA,NA,NA,NA,a,a,2002-11-06,NA,6,Death,[Death by Unknown means],NA,,
405,NA,NA,NA,NA,a,a,NA,NA,NA,,
406,Unknown,5 Dec 2002,268,278,SAO PAULO,2002-12-05,27870,Birth,,NA,
406,NA,NA,NA,NA,a,a,2002-12-05,NA,6,Death,[Death by Stillbirth  Unknown  No necropsy planned],NA,,
406,NA,NA,NA,NA,a,a,NA,NA,NA,,
407,Unknown,18 Feb 2003,308,337,RIO PRIM,2003-02-18,2108,Birth,,NA,
407,NA,NA,NA,NA,a,a,2003-04-30,NA,6,Death,[Death by Unknown means],NA,,
407,NA,NA,NA,NA,a,a,NA,NA,NA,,
408,Female,18 Feb 2003,308,337,RIO PRIM,2003-02-18,2109,Birth,,NA,
409,Male,2 Mar 2003,195,220,JERSEY,2003-03-02,M2802,Birth,FLUFFY,NA,
409,NA,NA,NA,NA,a,a,2013-04-15,NA,6,Death,[Death by Euthanasia (medical)  Mounted or Preserved  Generalized  Unknown after necropsy  Necropsy received],NA,,
409,NA,NA,NA,NA,a,a,NA,NA,NA,,
410,Male,6 Aug 2003,195,220,JERSEY,2003-08-06,M2820,Birth,LENNY,NA,
411,Male,17 Sep 2003,293,301,RIO PRIM,2003-09-17,2120,Birth,,NA,
411,NA,NA,NA,NA,a,a,2005-06-28,NA,6,Death,[Death by Unknown means],NA,,
411,NA,NA,NA,NA,a,a,NA,NA,NA,,
412,Male,17 Sep 2003,293,301,RIO PRIM,2003-09-17,2121,Birth,,NA,
412,NA,NA,NA,NA,SAO PAULO,2008-07-29,29791,Transfer,,NA,
413,Male,3 Jan 2004,292,198,ADELAIDE,2004-01-03,A40016,Birth,,NA,
413,NA,NA,NA,NA,a,a,2004-01-03,NA,6,Death,[Death by Stillbirth  Mounted or Preserved ADELAIDE  No necropsy planned],NA,,
413,NA,NA,NA,NA,a,a,NA,NA,NA,,
414,Female,3 Jan 2004,292,198,ADELAIDE,2004-01-03,A40017,Birth,,NA,
414,NA,NA,NA,NA,a,a,2004-01-03,NA,6,Death,[Death by Stillbirth  Mounted or Preserved ADELAIDE  No necropsy planned],NA,,
414,NA,NA,NA,NA,a,a,NA,NA,NA,,
415,Female,3 Jan 2004,292,198,ADELAIDE,2004-01-03,A40018,Birth,,NA,
415,NA,NA,NA,NA,a,a,2004-01-03,NA,6,Death,[Death by Stillbirth  Mounted or Preserved ADELAIDE  No necropsy planned],NA,,
415,NA,NA,NA,NA,a,a,NA,NA,NA,,
416,Female,3 Feb 2004,358,211,SAO PAULO,2004-02-03,28407,Birth,,NA,
416,NA,NA,NA,NA,a,a,2004-02-03,NA,6,Death,[Death by Stillbirth  Unknown  Unknown (after necropsy)],NA,,
416,NA,NA,NA,NA,a,a,NA,NA,NA,,
417,Unknown,3 Feb 2004,358,211,SAO PAULO,2004-02-03,28408,Birth,,NA,
417,NA,NA,NA,NA,a,a,2004-02-03,NA,6,Death,[Death by Stillbirth  Unknown  Unknown (after necropsy)],NA,,
417,NA,NA,NA,NA,a,a,NA,NA,NA,,
418,Female,10 Feb 2004,195,220,JERSEY,2004-02-10,M2844,Birth,GIRL,NA,
418,NA,NA,NA,NA,a,a,2004-02-13,NA,6,Death,[Death by Other /Unknown  Unknown  Necropsy planned later],NA,,
418,NA,NA,NA,NA,a,a,NA,NA,NA,,
419,Male,10 Feb 2004,195,220,JERSEY,2004-02-10,M2845,Birth,RUNT,NA,
419,NA,NA,NA,NA,LISBON,2007-06-27,10169,Transfer,,NA,
419,NA,NA,NA,NA,JERSEY,2013-11-26,M2845,Transfer,,NA,
420,Male,10 Feb 2004,195,220,JERSEY,2004-02-10,M2846,Birth,BIG BOY,NA,
420,NA,NA,NA,NA,MAGDEBURG,2007-09-07,184015,Transfer,,NA,
420,NA,NA,NA,NA,LA PALMYR,2008-11-05,4888,Transfer,,NA,
420,NA,NA,NA,NA,a,a,2013-03-02,NA,6,Death,[Death by Other /Unknown  Unknown  Necropsy done(no info)  Unknown after necropsy  Necropsy received],NA,,
420,NA,NA,NA,NA,a,a,NA,NA,NA,,
421,Female,4 Oct 2004,293,301,RIO PRIM,2004-10-04,2154,Birth,,NA,
421,NA,NA,NA,NA,SAO PAULO,2006-09-27,29348,Transfer,,NA,
422,Female,4 Oct 2004,293,301,RIO PRIM,2004-10-04,2155,Birth,,NA,
422,NA,NA,NA,NA,SAO PAULO,2012-12-19,30899,Transfer,,NA,
423,Male,1997,WILD,WILD,SOROCABA,2003-11-01,0,Transfer,,NA,
423,NA,NA,NA,NA,a,a,2011-07-31,NA,6,Death,[Death by Unknown means],NA,,
423,NA,NA,NA,NA,a,a,NA,NA,NA,,
424,Male,14 Dec 2005,312,408,RIO PRIM,2005-12-14,2232,Birth,,NA,
425,Male,27 Sep 2006,312,408,RIO PRIM,2006-09-27,2266,Birth,,NA,
426,Male,27 Sep 2006,312,408,RIO PRIM,2006-09-27,2265,Birth,,NA,
426,NA,NA,NA,NA,a,a,2006-09-29,NA,6,Death,[Death by Environ/Behav conditions  Mounted or Preserved RIO PRIM 1648  No necropsy planned],NA,,
426,NA,NA,NA,NA,a,a,NA,NA,NA,,
427,Male,13 Feb 2007,312,408,RIO PRIM,2007-02-13,2288,Birth,,NA,
428,Male,13 Feb 2007,312,408,RIO PRIM,2007-02-13,2289,Birth,,NA,
429,Male,17 May 2010,409,306,JERSEY,2010-05-17,M3108,Birth,,NA,
429,NA,NA,NA,NA,a,a,2010-05-17,NA,6,Death,[Death by Stillbirth  Unknown  Necropsy planned later  Unknown after necropsy],NA,,
429,NA,NA,NA,NA,a,a,NA,NA,NA,,
430,Female,????,WILD,WILD,BURI,2005-06-29,NA,Capture,KINHA,NA,
430,NA,NA,NA,NA,SAO PAULO,2007-10-01,29597,Transfer,,NA,
431,Male,26 Oct 2007,312,408,RIO PRIM,2007-10-26,2311,Birth,,NA,
432,Female,11 Apr 2007,263,421,SAO PAULO,2007-04-11,29450,Birth,,NA,
433,Male,26 Oct 2007,312,408,RIO PRIM,2007-10-26,2310,Birth,,NA,
433,NA,NA,NA,NA,a,a,2008-01-09,NA,6,Death,[Death by Other /Unknown  Unknown  Necropsy done(no info)  Unknown after necropsy  Necropsy not received],NA,,
433,NA,NA,NA,NA,a,a,NA,NA,NA,,
436,Female,29 Sep 2008,312,408,RIO PRIM,2008-09-29,2356,Birth,,NA,
437,Male,27 Oct 2008,412,400,RIO PRIM,2008-10-27,2383,Birth,,NA,
438,Unknown,9 Jan 1997,195,220,JERSEY,1997-01-09,M2307,Birth,,NA,
438,NA,NA,NA,NA,a,a,1997-01-09,NA,6,Death,[Death by Other /Unknown  Incinerate  Hemic/Lymph Trauma],NA,,
438,NA,NA,NA,NA,a,a,NA,NA,NA,,
439,Female,11 Feb 1997,106,125,JERSEY,1997-02-11,M2321,Birth,,NA,
439,NA,NA,NA,NA,a,a,1997-02-13,NA,6,Death,[Death by Unknown means],NA,,
439,NA,NA,NA,NA,a,a,NA,NA,NA,,
440,Unknown,18 May 1997,193,174,MAGDEBURG,1997-05-18,184008,Birth,,NA,
440,NA,NA,NA,NA,a,a,1997-05-19,NA,6,Death,[Death by Environ/Behav conditions  Unknown  No necropsy planned],NA,,
440,NA,NA,NA,NA,a,a,NA,NA,NA,,
441,Female,????,WILD,WILD,UNKNOWN,NA,NA,Capture,,NA,
441,NA,NA,NA,NA,PRIVATE,1998-08-01,NA,Transfer,,NA,
441,NA,NA,NA,NA,SOROCABA,1998-08-02,DV0004,Transfer,,NA,
441,NA,NA,NA,NA,a,a,1999-02-23,NA,6,Death,[Death by Infection associated  Mounted or Preserved  No necropsy planned],NA,,
441,NA,NA,NA,NA,a,a,NA,NA,NA,,
442,Unknown,30 Mar 1998,195,220,JERSEY,1998-03-30,M2425,Birth,,NA,
442,NA,NA,NA,NA,a,a,1998-03-30,NA,6,Death,[Death by Unknown means],NA,,
442,NA,NA,NA,NA,a,a,NA,NA,NA,,
443,Unknown,30 Mar 1998,195,220,JERSEY,1998-03-30,M2426,Birth,,NA,
443,NA,NA,NA,NA,a,a,1998-03-30,NA,6,Death,[Death by Unknown means],NA,,
443,NA,NA,NA,NA,a,a,NA,NA,NA,,
444,Unknown,29 Sep 1998,84,105,JERSEY,1998-09-29,M2471,Birth,,NA,
444,NA,NA,NA,NA,a,a,1998-09-29,NA,6,Death,[Death by Stillbirth  Unknown  Unknown (after necropsy)],NA,,
444,NA,NA,NA,NA,a,a,NA,NA,NA,,
445,Unknown,29 Sep 1998,84,105,JERSEY,1998-09-29,M2472,Birth,,NA,
445,NA,NA,NA,NA,a,a,1998-09-29,NA,6,Death,[Death by Stillbirth  Unknown  Unknown (after necropsy)],NA,,
445,NA,NA,NA,NA,a,a,NA,NA,NA,,
446,Unknown,16 May 2000,219,217,BELFAST,2000-05-16,3803,Birth,,NA,
446,NA,NA,NA,NA,a,a,2000-05-16,NA,6,Death,[Death by Injury from exhibit mate  Unknown  Unknown (after necropsy)],NA,,
446,NA,NA,NA,NA,a,a,NA,NA,NA,,
447,Unknown,13 Sep 2002,292,198,ADELAIDE,2002-09-13,A20872,Birth,,NA,
447,NA,NA,NA,NA,a,a,2002-09-13,NA,6,Death,[Death by Unknown means],NA,,
447,NA,NA,NA,NA,a,a,NA,NA,NA,,
448,Unknown,21 Jan 2003,292,198,ADELAIDE,2003-01-21,A30890,Birth,,NA,
448,NA,NA,NA,NA,a,a,2003-09-13,NA,6,Death,[Death by Unknown means],NA,,
448,NA,NA,NA,NA,a,a,NA,NA,NA,,
449,Unknown,2 Mar 2003,195,220,JERSEY,2003-03-02,M2803,Birth,,NA,
449,NA,NA,NA,NA,a,a,2003-03-07,NA,6,Death,[Death by Unknown means],NA,,
449,NA,NA,NA,NA,a,a,NA,NA,NA,,
450,Female,2 Mar 2003,195,220,JERSEY,2003-03-02,M2804,Birth,,NA,
450,NA,NA,NA,NA,a,a,2003-03-07,NA,6,Death,[Death by Unknown means],NA,,
450,NA,NA,NA,NA,a,a,NA,NA,NA,,
451,Male,6 Aug 2003,195,220,JERSEY,2003-08-06,M2821,Birth,,NA,
451,NA,NA,NA,NA,a,a,2003-08-10,NA,6,Death,[Death by Unknown means],NA,,
451,NA,NA,NA,NA,a,a,NA,NA,NA,,
452,Female,6 Aug 2003,195,220,JERSEY,2003-08-06,M2822,Birth,,NA,
452,NA,NA,NA,NA,a,a,2003-08-16,NA,6,Death,[Death by Unknown means],NA,,
452,NA,NA,NA,NA,a,a,NA,NA,NA,,
453,Female,26 Dec 2004,215,254,BELFAST,2004-12-26,5436,Birth,,NA,
453,NA,NA,NA,NA,a,a,2004-12-26,NA,6,Death,[Death by Unknown means],NA,,
453,NA,NA,NA,NA,a,a,NA,NA,NA,,
454,Female,30 Mar 2007,332,375,BELFAST,2007-03-30,5665,Birth,,NA,
454,NA,NA,NA,NA,a,a,2007-03-30,NA,6,Death,[Death by Stillbirth  Mounted or Preserved  Unknown (after necropsy)],NA,,
454,NA,NA,NA,NA,a,a,NA,NA,NA,,
455,Male,3 Sep 2007,332,375,BELFAST,2007-09-03,5740,Birth,,NA,
455,NA,NA,NA,NA,a,a,2007-09-03,NA,6,Death,[Death by Unknown means],NA,,
455,NA,NA,NA,NA,a,a,NA,NA,NA,,
456,Male,3 Sep 2007,332,375,BELFAST,2007-09-03,5741,Birth,,NA,
456,NA,NA,NA,NA,a,a,2007-09-03,NA,6,Death,[Death by Unknown means],NA,,
456,NA,NA,NA,NA,a,a,NA,NA,NA,,
457,Male,9 Jan 2008,263,421,SAO PAULO,2008-01-09,29652,Birth,,NA,
458,Female,9 Jan 2008,263,421,SAO PAULO,2008-01-09,29653,Birth,,NA,
459,Male,7 Jul 2008,333,345,KREFELD,2008-07-07,1893,Birth,,NA,
459,NA,NA,NA,NA,a,a,2008-07-07,NA,6,Death,[Death by Stillbirth  Unknown  Unknown (after necropsy)],NA,,
459,NA,NA,NA,NA,a,a,NA,NA,NA,,
460,Male,7 Jul 2008,333,345,KREFELD,2008-07-07,1894,Birth,,NA,
460,NA,NA,NA,NA,a,a,2008-07-07,NA,6,Death,[Death by Stillbirth  Unknown  Unknown (after necropsy)],NA,,
460,NA,NA,NA,NA,a,a,NA,NA,NA,,
461,Unknown,21 Jul 2008,371,306,JERSEY,2008-07-21,M3021,Birth,,NA,
461,NA,NA,NA,NA,a,a,2008-07-21,NA,6,Death,[Death by Stillbirth  Unknown  Necropsy planned later  Unknown after necropsy],NA,,
461,NA,NA,NA,NA,a,a,NA,NA,NA,,
462,Female,13 Apr 2009,371,306,JERSEY,2009-04-13,M3050,Birth,,NA,
462,NA,NA,NA,NA,a,a,2009-04-13,NA,6,Death,[Death by Stillbirth  Unknown  Necropsy planned later  Unknown after necropsy],NA,,
462,NA,NA,NA,NA,a,a,NA,NA,NA,,
463,Unknown,26 Apr 2009,256,302,JERSEY,2009-04-26,M3052,Birth,,NA,
463,NA,NA,NA,NA,a,a,2009-04-26,NA,6,Death,[Death by Premature birth  Unknown  Necropsy planned later  Unknown after necropsy],NA,,
463,NA,NA,NA,NA,a,a,NA,NA,NA,,
464,Male,?,WILD,WILD,M DIABO,NA,NA,Capture,OMERINHO,NA,
464,NA,NA,NA,NA,SAO PAULO,2010-07-15,30154,Transfer,,NA,
465,Male,17 May 2010,409,306,JERSEY,2010-05-17,M3108,Birth,,NA,
465,NA,NA,NA,NA,a,a,2010-05-17,NA,6,Death,[Death by Stillbirth  Unknown  Necropsy planned later  Unknown after necropsy],NA,,
465,NA,NA,NA,NA,a,a,NA,NA,NA,,
466,Female,17 Sep 2010,412,430,SAO PAULO,2010-09-17,30167,Birth,,NA,
466,NA,NA,NA,NA,a,a,2011-12-26,NA,6,Death,[Death by Died in transit  Unknown  Necropsy planned later  Mechanical abnormality],NA,,
466,NA,NA,NA,NA,a,a,NA,NA,NA,,
467,Female,17 Sep 2010,412,430,SAO PAULO,2010-09-17,30168,Birth,,NA,
468,Male,22 Mar 2011,409,306,JERSEY,2011-03-22,M3144,Birth,FRANCISCO,NA,
469,Male,13 Aug 2011,464,432,SAO PAULO,2011-08-13,30497,Birth,,NA,
469,NA,NA,NA,NA,a,a,2012-09-19,NA,6,Death,[Death by Unknown means],NA,,
469,NA,NA,NA,NA,a,a,NA,NA,NA,,
470,Male,13 Aug 2011,464,432,SAO PAULO,2011-08-13,30498,Birth,,NA,
471,Male,20 Sep 2011,412,430,SAO PAULO,2011-09-20,30518,Birth,,NA,
472,Male,30 Jan 2012,412,430,SAO PAULO,2012-01-30,30595,Birth,,NA,
473,Male,31 Jan 2012,412,430,SAO PAULO,2012-01-31,30596,Birth,,NA,
474,Male,26 Apr 2012,332,398,JERSEY,2012-04-26,M3198,Birth,,NA,
474,NA,NA,NA,NA,a,a,2012-04-26,NA,6,Death,[Death by Stillbirth  Unknown  Necropsy planned later  Unknown after necropsy],NA,,
474,NA,NA,NA,NA,a,a,NA,NA,NA,,
475,Male,26 Apr 2012,332,398,JERSEY,2012-04-26,M3199,Birth,,NA,
475,NA,NA,NA,NA,a,a,2012-04-26,NA,6,Death,[Death by Stillbirth  Unknown  Necropsy planned later  Unknown after necropsy],NA,,
475,NA,NA,NA,NA,a,a,NA,NA,NA,,
476,Male,9 Feb 2009,312,408,RIO PRIM,2009-02-09,2406,Birth,,NA,
476,NA,NA,NA,NA,a,a,2009-12-11,NA,6,Death,[Death by Unknown means],NA,,
476,NA,NA,NA,NA,a,a,NA,NA,NA,,
477,Male,9 Feb 2009,312,408,RIO PRIM,2009-02-09,2407,Birth,,NA,
477,NA,NA,NA,NA,a,a,2010-10-18,NA,6,Death,[Death by Unknown means],NA,,
477,NA,NA,NA,NA,a,a,NA,NA,NA,,
478,Male,1 Jan 2010,387,400,RIO PRIM,2010-01-01,2461,Birth,,NA,
478,NA,NA,NA,NA,a,a,2010-09-08,NA,6,Death,[Death by Unknown means],NA,,
478,NA,NA,NA,NA,a,a,NA,NA,NA,,
479,Female,1 Jan 2010,387,400,RIO PRIM,2010-01-01,2462,Birth,,NA,
479,NA,NA,NA,NA,a,a,2011-03-08,NA,6,Death,[Death by Unknown means],NA,,
479,NA,NA,NA,NA,a,a,NA,NA,NA,,
480,Male,1 Jan 2010,312,408,RIO PRIM,2010-01-01,2463,Birth,,NA,
480,NA,NA,NA,NA,a,a,2010-04-12,NA,6,Death,[Death by Unknown means],NA,,
480,NA,NA,NA,NA,a,a,NA,NA,NA,,
481,Female,1 Jan 2010,312,408,RIO PRIM,2010-01-01,2464,Birth,,NA,
482,Male,18 Oct 2010,312,408,RIO PRIM,2010-10-18,2534,Birth,,NA,
482,NA,NA,NA,NA,a,a,2011-04-24,NA,6,Death,[Death by Unknown means],NA,,
482,NA,NA,NA,NA,a,a,NA,NA,NA,,
483,Male,18 Oct 2010,312,408,RIO PRIM,2010-10-18,2535,Birth,,NA,
483,NA,NA,NA,NA,a,a,2010-12-20,NA,6,Death,[Death by Unknown means],NA,,
483,NA,NA,NA,NA,a,a,NA,NA,NA,,
484,Male,25 Feb 2011,387,400,RIO PRIM,2011-02-25,2557,Birth,,NA,
484,NA,NA,NA,NA,a,a,2011-05-29,NA,6,Death,[Death by Unknown means],NA,,
484,NA,NA,NA,NA,a,a,NA,NA,NA,,
485,Female,25 Feb 2011,387,400,RIO PRIM,2011-02-25,2558,Birth,,NA,
485,NA,NA,NA,NA,a,a,2011-06-26,NA,6,Death,[Death by Unknown means],NA,,
485,NA,NA,NA,NA,a,a,NA,NA,NA,,
486,Male,2 Oct 2011,312,408,RIO PRIM,2011-10-02,2571,Birth,,NA,
487,Female,2 Oct 2011,312,408,RIO PRIM,2011-10-02,2572,Birth,,NA,
488,Male,2 Oct 2011,387,400,RIO PRIM,2011-10-02,2574,Birth,,NA,
489,Unknown,2 Nov 2011,387,400,RIO PRIM,2011-11-02,2575,Birth,,NA,
489,NA,NA,NA,NA,a,a,2011-11-10,NA,6,Death,[Death by Unknown means],NA,,
489,NA,NA,NA,NA,a,a,NA,NA,NA,,
490,Female,8 Oct 2012,312,408,RIO PRIM,2012-10-08,2604,Birth,,NA,
490,NA,NA,NA,NA,a,a,2012-10-09,NA,6,Death,[Death by Unknown means],NA,,
490,NA,NA,NA,NA,a,a,NA,NA,NA,,
491,Male,10 Sep 2012,412,430,SAO PAULO,2012-09-10,30774,Birth,,NA,
492,Male,10 Sep 2012,412,430,SAO PAULO,2012-09-10,30775,Birth,,NA,
493,Female,13 Aug 2013,412,430,SAO PAULO,2013-08-13,31024,Birth,,NA,
493,NA,NA,NA,NA,a,a,2013-08-20,NA,6,Death,[Death by Unknown means],NA,,
493,NA,NA,NA,NA,a,a,NA,NA,NA,,
494,Female,13 Aug 2013,412,430,SAO PAULO,2013-08-13,31025,Birth,,NA,
494,NA,NA,NA,NA,a,a,2013-08-22,NA,6,Death,[Death by Other /Unknown  Unknown  Necropsy done(no info)  Unknown after necropsy  Necropsy not received],NA,,
494,NA,NA,NA,NA,a,a,NA,NA,NA,,
495,Female,13 Aug 2013,412,430,SAO PAULO,2013-08-13,31026,Birth,,NA,
496,Female,26 Dec 2013,412,430,SAO PAULO,2013-12-26,31075,Birth,,NA,
497,Unknown,26 Dec 2013,412,430,SAO PAULO,2013-12-26,31076,Birth,,NA,
498,Male,2 Nov 2012,332,398,JERSEY,2012-11-02,M3215,Birth,,NA,
498,NA,NA,NA,NA,a,a,2012-11-02,NA,6,Death,[Death by Other /Unknown  Mounted or Preserved  Necropsy done(no info)  Unknown after necropsy  Necropsy received],NA,,
498,NA,NA,NA,NA,a,a,NA,NA,NA,,
499,Unknown,25 Sep 2013,312,408,RIO PRIM,2013-09-25,2894,Birth,,NA,
499,NA,NA,NA,NA,a,a,2013-10-02,NA,6,Death,[Death by Injury from exhibit mate  Unknown  Necropsy planned later  Unknown after necropsy  Necropsy not received],NA,,
499,NA,NA,NA,NA,a,a,NA,NA,NA,,
500,Unknown,9 Oct 2010,386,399,SAO CARLOS,2010-10-09,NA,Birth,,NA,
500,NA,NA,NA,NA,a,a,2013-03-06,NA,6,Death,[Death by Other /Unknown  Unknown  Necropsy done(no info)  Unknown after necropsy  Necropsy not received],NA,,
500,NA,NA,NA,NA,a,a,NA,NA,NA,,
501,Unknown,11 Mar 2013,386,399,SAO CARLOS,2013-03-11,NA,Birth,,NA,
502,Female,26 Dec 2013,412,430,SAO PAULO,2013-12-26,31074,Birth,,NA,
503,Unknown,NA,106,125,JERSEY,1994-02-12,M1998,Birth,,NA,
503,NA,NA,NA,NA,a,a,1994-02-12,NA,6,Death,[Death by stillbirth],NA,,
503,NA,NA,NA,NA,a,a,NA,NA,NA,,
504,Unknown,NA,106,125,JERSEY,1994-09-01,M2056,Birth,,NA,
504,NA,NA,NA,NA,a,a,1994-09-03,NA,6,Death,[Death by Other],NA,,
504,NA,NA,NA,NA,a,a,NA,NA,NA,,
505,Unknown,NA,106,125,JERSEY,2002-02-05,M2743,Birth,,NA,
505,NA,NA,NA,NA,a,a,2002-02-05,NA,6,Death,[Death by stillbirth],NA,,
505,NA,NA,NA,NA,a,a,NA,NA,NA,,
506,Female,NA,195,220,JERSEY,2002-02-27,M2748,Birth,,NA,
506,NA,NA,NA,NA,a,a,2002-03-07,NA,6,Death,[Death by Other],NA,,
506,NA,NA,NA,NA,a,a,NA,NA,NA,,
507,Unknown,NA,464,432,SAO PAULO,2014-10-20,31260,Birth,,NA,
507,NA,NA,NA,NA,a,a,2015-12-25,NA,6,Death,[Death by Other],NA,,
507,NA,NA,NA,NA,a,a,NA,NA,NA,,
508,Unknown,NA,464,432,SAO PAULO,2014-10-20,31261,Birth,,NA,
508,NA,NA,NA,NA,a,a,2015-12-25,NA,6,Death,[Death by Other],NA,,
508,NA,NA,NA,NA,a,a,NA,NA,NA,,
TE64,Male,NA,412,430,SAO PAULO,2015-03-03,31380,Birth,,NA,
TE64,NA,NA,NA,NA,a,a,NA,NA,NA,,NA,
TE65,Unknown,NA,412,430,SAO PAULO,2015-08-31,31419,Birth,,NA,
TE65,NA,NA,NA,NA,a,a,NA,NA,NA,,NA,
TE66,Unknown,NA,412,430,SAO PAULO,2015-08-31,31420,Birth,,NA,
TE66,NA,NA,NA,NA,a,a,NA,NA,NA,,NA,
TE67,Unknown,NA,457,495,SAO PAULO,2015-11-11,31438,Birth,,NA,
TE67,NA,NA,NA,NA,a,a,NA,NA,NA,,NA,
TE68,Male,NA,425,481,RIO PRIM,2016-01-06,3533,Birth,,NA,
TE68,NA,NA,NA,NA,a,a,NA,NA,NA,,NA,
TE69,Male,NA,425,481,RIO PRIM,2016-01-06,3534,Birth,,NA,
TE69,NA,NA,NA,NA,a,a,NA,NA,NA,,NA,
TE70,Unknown,NA,425,481,RIO PRIM,2016-12-05,3650,Birth,,NA,
TE70,NA,NA,NA,NA,a,a,NA,NA,NA,,NA,
TE71,Unknown,NA,425,481,RIO PRIM,2016-12-05,3651,Birth,,NA,
TE71,NA,NA,NA,NA,a,a,NA,NA,NA,,NA,
TE72,Male,NA,464,432,SAO PAULO,2016-02-05,31481,Birth,,NA,
TE72,NA,NA,NA,NA,a,a,NA,NA,NA,,NA,
TE73,Male,NA,WILD,WILD,BRAZIL,2014-11-05,31527,Capture,Kinho,NA,
TE73,NA,NA,NA,NA,a,a,NA,NA,NA,,NA,
TE74,Unknown,NA,464,432,SAO PAULO,2016-09-23,31573,Birth,,NA,
TE74,NA,NA,NA,NA,a,a,NA,NA,NA,,NA,
TE75,Unknown,NA,457,495,SAO PAULO,2016-10-27,31585,Birth,,NA,
TE75,NA,NA,NA,NA,a,a,NA,NA,NA,,NA,
TE76,Unknown,NA,457,495,SAO PAULO,2016-10-27,31586,Birth,,NA,
