Stud ,Location
1,M DIABO
2,M DIABO
3,M DIABO
4,M DIABO
5,M DIABO
6,M DIABO
7,M DIABO
8,RIO PRIM
9,RIO PRIM
10,RIO PRIM
11,RIO PRIM
12,RIO PRIM
13,RIO PRIM
14,RIO PRIM
15,RIO PRIM
16,RIO PRIM
17,RIO PRIM
18,RIO PRIM
19,RIO PRIM
20,RIO PRIM
21,RIO PRIM
22,RIO PRIM
23,RIO PRIM
24,RIO PRIM
25,RIO PRIM
26,RIO PRIM
27,RIO PRIM
28,RIO PRIM
29,RIO PRIM
30,RIO PRIM
31,RIO PRIM
32,RIO PRIM
33,RIO PRIM
34,RIO PRIM
35,RIO PRIM
36,RIO PRIM
37,RIO PRIM
38,RIO PRIM
39,RIO PRIM
40,RIO PRIM
41,RIO PRIM
42,RIO PRIM
43,RIO PRIM
44,RIO PRIM
45,RIO PRIM
46,RIO PRIM
47,RIO PRIM
48,RIO PRIM
49,RIO PRIM
50,RIO PRIM
51,RIO PRIM
52,RIO PRIM
53,RIO PRIM
54,RIO PRIM
55,RIO PRIM
56,RIO PRIM
57,RIO PRIM
58,RIO PRIM
59,RIO PRIM
60,RIO PRIM
61,RIO PRIM
62,RIO PRIM
63,RIO PRIM
64,RIO PRIM
65,RIO PRIM
66,RIO PRIM
67,RIO PRIM
68,RIO PRIM
69,RIO PRIM
70,RIO PRIM
71,RIO PRIM
72,RIO PRIM
73,M DIABO
74,M DIABO
75,M DIABO
76,M DIABO
77,M GOBI
78,M DIABO
79,RIO PRIM
80,RIO PRIM
81,RIO PRIM
82,RIO PRIM
83,RIO PRIM
84,RIO PRIM
85,RIO PRIM
86,RIO PRIM
87,RIO PRIM
88,RIO PRIM
89,M DIABO
90,M DIABO
91,M DIABO
92,M DIABO
93,M DIABO
94,M DIABO
95,M DIABO
96,M DIABO
97,M DIABO
98,M DIABO
99,M DIABO
100,M DIABO
101,M DIABO
102,M DIABO
103,M DIABO
104,M DIABO
105,RIO PRIM
106,RIO PRIM
107,RIO PRIM
108,SAO PAULO
109,SAO PAULO
110,RIO PRIM
111,RIO PRIM
112,SAO PAULO
113,RIO PRIM
114,RIO PRIM
115,RIO PRIM
116,RIO PRIM
117,RIO PRIM
118,RIO PRIM
119,RIO PRIM
120,RIO PRIM
121,M DIABO
122,RIO PRIM
123,M DIABO
124,RIO PRIM
125,RIO PRIM
126,SAO PAULO
127,SAO PAULO
128,RIO PRIM
129,SAO PAULO
130,RIO PRIM
131,RIO PRIM
132,SAO PAULO
133,SAO PAULO
134,RIO PRIM
135,RIO PRIM
136,RIO PRIM
137,RIO PRIM
138,RIO PRIM
139,SAO PAULO
140,RIO PRIM
141,RIO PRIM
142,RIO PRIM
143,RIO PRIM
144,SAO PAULO
145,RIO PRIM
146,RIO PRIM
147,RIO PRIM
148,RIO PRIM
149,RIO PRIM
150,RIO PRIM
151,RIO PRIM
152,RIO PRIM
153,RIO PRIM
154,RIO PRIM
155,RIO PRIM
156,RIO PRIM
157,RIO PRIM
158,RIO PRIM
159,RIO PRIM
160,RIO PRIM
161,RIO PRIM
162,RIO PRIM
163,RIO PRIM
164,JERSEY
165,RIO PRIM
166,RIO PRIM
167,RIO PRIM
168,JERSEY
169,JERSEY
170,R BONITO
171,R BONITO
172,R BONITO
173,JERSEY
174,JERSEY
175,RIO PRIM
176,RIO PRIM
177,RIO PRIM
178,RIO PRIM
179,JERSEY
180,SAO PAULO
181,SAO PAULO
182,RIO PRIM
183,RIO PRIM
184,RIO PRIM
185,RIO PRIM
186,RIO PRIM
187,RIO PRIM
188,SAO PAULO
189,SAO PAULO
190,RIO PRIM
191,RIO PRIM
192,RIO PRIM
193,JERSEY
194,JERSEY
195,JERSEY
196,JERSEY
197,JERSEY
198,JERSEY
199,RIO PRIM
200,RIO PRIM
201,RIO PRIM
202,RIO PRIM
203,SAO PAULO
204,SAO PAULO
205,RIO PRIM
206,RIO PRIM
207,RIO PRIM
208,RIO PRIM
209,RIO PRIM
210,RIO PRIM
211,SAO PAULO
212,RIO PRIM
213,RIO PRIM
214,SAO PAULO
215,JERSEY
216,JERSEY
217,JERSEY
218,RIO PRIM
219,JERSEY
220,JERSEY
221,SAO PAULO
222,SAO PAULO
223,SAO PAULO
224,SAO PAULO
225,SAO PAULO
226,SAO PAULO
227,RIO PRIM
228,RIO PRIM
229,RIO PRIM
230,RIO PRIM
231,RIO PRIM
232,RIO PRIM
233,JERSEY
234,JERSEY
235,JERSEY
236,RIO PRIM
237,JERSEY
238,JERSEY
239,SAO PAULO
240,SAO PAULO
241,RIO PRIM
242,RIO PRIM
243,SAO PAULO
244,SAO PAULO
245,SAO PAULO
246,RIO PRIM
247,RIO PRIM
248,RIO PRIM
249,RIO PRIM
250,RIO PRIM
251,RIO PRIM
252,SAO PAULO
253,SAO PAULO
254,JERSEY
255,JERSEY
256,JERSEY
257,JERSEY
258,MAGDEBURG
259,MAGDEBURG
260,JERSEY
261,JERSEY
262,JERSEY
263,RIO PRIM
264,RIO PRIM
265,RIO PRIM
266,RIO PRIM
267,RIO PRIM
268,SAO PAULO
269,SAO PAULO
270,SAO PAULO
271,SAO PAULO
272,SAO PAULO
273,BRASILIA
274,BRASILIA
275,SOROCABA
276,RIO PRIM
277,SAO PAULO
278,SAO PAULO
279,RIO PRIM
280,RIO PRIM
281,JERSEY
282,JERSEY
283,MAGDEBURG
284,MAGDEBURG
285,RIO PRIM
286,RIO PRIM
287,BRASILIA
288,BRASILIA
289,BRASILIA
290,SAO PAULO
291,SAO PAULO
292,ADELAIDE
293,WILD
294,JERSEY
295,JERSEY
296,RIO PRIM
297,RIO PRIM
298,RIO PRIM
299,JERSEY
300,JERSEY
301,JERSEY
302,MAGDEBURG
303,JERSEY
304,JERSEY
305,JERSEY
306,JERSEY
307,SAO PAULO
308,RIO PRIM
309,RIO PRIM
310,RIO PRIM
311,RIO PRIM
312,RIO PRIM
313,RIO PRIM
314,RIO PRIM
315,RIO PRIM
316,RIO PRIM
317,RIO PRIM
318,JERSEY
319,JERSEY
320,BELFAST
321,BELFAST
322,MAGDEBURG
323,MAGDEBURG
324,BELFAST
325,BELFAST
326,JERSEY
327,JERSEY
328,JERSEY
329,RIO PRIM
330,RIO PRIM
331,BELFAST
332,BELFAST
333,BELFAST
334,RIO PRIM
335,RIO PRIM
336,RIO PRIM
337,RIO PRIM
338,RIO PRIM
339,RIO PRIM
340,MAGDEBURG
341,MAGDEBURG
342,JERSEY
343,JERSEY
344,JERSEY
345,MAGDEBURG
346,SAO PAULO
347,SAO PAULO
348,JERSEY
349,JERSEY
350,SAO PAULO
351,SAO PAULO
352,RIO PRIM
353,BRASILIA
354,BRASILIA
355,SAO PAULO
356,SAO PAULO
357,RIO PRIM
358,SAO PAULO
359,SAO PAULO
360,SAO PAULO
363,BRASILIA
364,BRASILIA
365,RIO PRIM
366,RIO PRIM
367,RIO PRIM
368,RIO PRIM
369,SAO PAULO
370,SAO PAULO
371,JERSEY
372,JERSEY
373,SAO PAULO
374,SAO PAULO
375,BELFAST
376,SAO PAULO
377,SAO PAULO
378,SAO PAULO
379,SAO PAULO
380,BELFAST
381,BELFAST
382,SAO PAULO
383,SAO PAULO
384,RIO PRIM
385,RIO PRIM
386,RIO PRIM
387,RIO PRIM
388,BELFAST
389,SAO PAULO
390,SAO PAULO
391,SAO PAULO
392,SAO PAULO
393,JERSEY
394,JERSEY
395,BELFAST
396,BELFAST
397,JERSEY
398,JERSEY
399,RIO PRIM
400,RIO PRIM
401,SAO PAULO
402,SAO PAULO
403,RIO PRIM
404,BELFAST
405,BELFAST
406,SAO PAULO
407,RIO PRIM
408,RIO PRIM
409,JERSEY
410,JERSEY
411,RIO PRIM
412,RIO PRIM
413,ADELAIDE
414,ADELAIDE
415,ADELAIDE
416,SAO PAULO
417,SAO PAULO
418,JERSEY
419,JERSEY
420,JERSEY
421,RIO PRIM
422,RIO PRIM
423,SOROCABA
424,RIO PRIM
425,RIO PRIM
426,RIO PRIM
427,RIO PRIM
428,RIO PRIM
429,JERSEY
430,BURI
431,RIO PRIM
432,SAO PAULO
433,RIO PRIM
436,RIO PRIM
437,RIO PRIM
438,JERSEY
439,JERSEY
440,MAGDEBURG
441,UNKNOWN
442,JERSEY
443,JERSEY
444,JERSEY
445,JERSEY
446,BELFAST
447,ADELAIDE
448,ADELAIDE
449,JERSEY
450,JERSEY
451,JERSEY
452,JERSEY
453,BELFAST
454,BELFAST
455,BELFAST
456,BELFAST
457,SAO PAULO
458,SAO PAULO
459,KREFELD
460,KREFELD
461,JERSEY
462,JERSEY
463,JERSEY
464,M DIABO
465,JERSEY
466,SAO PAULO
467,SAO PAULO
468,JERSEY
469,SAO PAULO
470,SAO PAULO
471,SAO PAULO
472,SAO PAULO
473,SAO PAULO
474,JERSEY
475,JERSEY
476,RIO PRIM
477,RIO PRIM
478,RIO PRIM
479,RIO PRIM
480,RIO PRIM
481,RIO PRIM
482,RIO PRIM
483,RIO PRIM
484,RIO PRIM
485,RIO PRIM
486,RIO PRIM
487,RIO PRIM
488,RIO PRIM
489,RIO PRIM
490,RIO PRIM
491,SAO PAULO
492,SAO PAULO
493,SAO PAULO
494,SAO PAULO
495,SAO PAULO
496,SAO PAULO
497,SAO PAULO
498,JERSEY
499,RIO PRIM
500,SAO CARLOS
501,SAO CARLOS
502,SAO PAULO
503,JERSEY
504,JERSEY
505,JERSEY
506,JERSEY
507,SAO PAULO
508,SAO PAULO
TE64,SAO PAULO
TE65,SAO PAULO
TE66,SAO PAULO
TE67,SAO PAULO
TE68,RIO PRIM
TE69,RIO PRIM
TE70,RIO PRIM
TE71,RIO PRIM
TE72,SAO PAULO
TE73,BRAZIL
TE74,SAO PAULO
TE75,SAO PAULO
TE76,SAO PAULO
,
